{
        "userMgmt_user" : [
            {
                "locatorType" : "css",
                "event" : {"name" : "click"},
                "selector" : ".nuxicon-groups",
                "async" : true
            },{
                "locatorType" : "id",
                "event" : {"name" : "click"},
                "selector" : "manageUsers",
                "async" : true
            }
        ],
        "roleMgmt_user" : [
            {
                "locatorType" : "css",
                "event" : {"name" : "click"},
                "selector" : ".nuxicon-groups",
                "async" : true
            },{
                "locatorType" : "id",
                "event" : {"name" : "click"},
                "selector" : "manageRoles",
                "async" : true
            }
        ],
        "createOrder" : [
            {
                "locatorType" : "css",
                "event" : {"name" : "click"},
                "selector" : ".batchicon_285",
                "async" : true
            }

        ],

        "searchOrder" : [
            {
                "locatorType" : "css",
                "event" : {"name" : "click"},
                "selector" : ".nuxicon-search",
                "async" : true
            }
            
        ],
       
        "searchOrderResult" : [{

            "locatorType" : "css",
                "event" : {"name" : "click"},
                "selector" : "a.ng-binding",
                "async" : true
                
                }]
}