{  
   "login_data":[  
      {  
         "domain":"ASR_GW",
         "user":"example",
         "password":"example"
      }
   ],
   "user_data":[  
      {  
         "username":"TEST_ASR_001",
         "firstname":"TEST_ASR_001",
         "lastname":"TEST_ASR_001",
         "email":"testasr001@asr.com",
         "address1":"TEST_ASR_001",
         "address2":"TEST_ASR_001",
         "city":"TEST_ASR_001",
         "state":"US",
         "zip":"45200",
         "officephone":"9879879879",
         "cellphone":"9879879879",
         "pager":"9879879879",
         "usertype":"G",
         "company":"Neustar",
         "password":"TEST_ASR_001",
         "confirm_password":"TEST_ASR_001"
      }
   ],
   "user_search_data":[  
      {  
         "search":"TEST_ASR"
      },
      {  
         "search":"TEST_ASR_001"
      }
   ],
   "role_data":[  
      {  
         "rolename":"TEST_ROLE_001",
         "roledescription":"TEST_ROLE_001"
      }
   ],
   "role_search_data":[  
      {  
         "search":"TEST_ASR_ROLE"
      }
   ],
   "role_assign_data":[  
      {  
         "assign":"TEST_ASR_ROLE"
      }
   ],

   "search_by_pon_data":[  
      {  
         "PON":"AUTOASREU0336944"
      },
      {  
         "PON":"globalpon"
      },
      {  
         "PON":"AUTOASREU0975697"
      }
   ],
   "search_by_icsc_data":[  
      {  
         "ICSC":"CA01"
      },
      {
         "ICSC":"SB01"
      }
   ],
   "search_by_order_status_data":[  
      {  
         "ORDER_STATUS":"Firm Order"
      }
   ],
   "search_by_trading_partner_data":[  
      {  
         "TRADING_PARTNER":"Caviller"
      }
   ],
   "search_by_pon_and_icsc_data":[  
      {  
         "PON":"03132015115344AM",
         "ICSC":"AT01"
      }
   ],
   "search_order_action_data":[  
      {  
         "select_action_edit":"edit"
      },
      {  
         "select_action_clone":"clone"
      },
      {  
         "select_action_create_template":"Create Template"
      },
      {  
         "action_confirmation_response":"Send Confirmation Response"
      },
      {  
         "action_secondary_confirmation_response":"Send Secondary Confirmation Response"
      },
      {  
         "select_action_clarification_response":"Send Clarification Response"
      },
      {  
         "select_action_dlr":"Send DLR Response"
      }
   ],
   "create_popup_first_data":[  
      {  
         "tradingpartner":"Caviller"
      },
      {  
         "requesttype":{  
            "index":0
         },
         "ordertype":{  
            "index":1
         },
         "tradingpartner":"Caviller"
      },
      {  
         "requesttype":{  
            "index":0
         },
         "ordertype":{  
            "index":2
         },
         "tradingpartner":"Caviller"
      },
      {  
         "requesttype":{  
            "index":0
         },
         "ordertype":{  
            "index":3
         },
         "tradingpartner":"Caviller"
      },
      {  
         "requesttype":{  
            "index":0
         },
         "ordertype":{  
            "index":4
         },
         "tradingpartner":"Caviller"
      },
      {  
         "requesttype":{  
            "index":0
         },
         "ordertype":{  
            "index":5
         },
         "tradingpartner":"Caviller"
      },
      {  
         "requesttype":{  
            "index":0
         },
         "ordertype":{  
            "index":6
         },
         "tradingpartner":"Caviller"
      },
      {  
         "requesttype":{  
            "index":0
         },
         "ordertype":{  
            "index":7
         },
         "tradingpartner":"Caviller"
      },
      {  
         "requesttype":{  
            "index":0
         },
         "ordertype":{  
            "index":8
         },
         "tradingpartner":"Caviller"
      },
      {  
         "requesttype":{  
            "index":0
         },
         "ordertype":{  
            "index":2
         },
         "tradingpartner":"Caviller"
      },
      {  
         "requesttype":{  
            "index":0
         },
         "ordertype":{  
            "index":6
         },
         "tradingpartner":"Caviller",
         "isTemplate":{  
            "index":1
         }
      },
      {  
         "requesttype":{  
            "index":1
         }
      },
      {  
         "requesttype":{  
            "index":0
         },
         "ordertype":{  
            "index":9
         },
         "tradingpartner":"AllTel"
      },
      {  
         "requesttype":{  
            "index":0
         },
         "ordertype":{  
            "index":11
         },
         "tradingpartner":"AllTel"
      },
      {  
         "requesttype":{  
            "index":0
         },
         "ordertype":{  
            "index":12
         },
         "tradingpartner":"AllTel"
      },
      {  
         "requesttype":{  
            "index":2
         }
      },
      {  
         "tradingpartner":"AT&T",
         "requesttype":{  
            "index":1
         },
         "ordertype":{
            "index":"1"

         }
         

      },
      {  
         "tradingpartner":"AT&T",
         "requesttype":{  
            "index":1
         },
         "ordertype":{
            "index":2

         }
         

      }
   ],
   "create_popup_second_data":[  
      {  
         "serequesttype":{  
            "index":0
         },
         "activity":{  
            "index":0
         }
      },
      {  
         "serequesttype":{  
            "index":1
         },
         "activity":{  
            "index":0
         }
      },
      {  
         "serequesttype":{  
            "index":2
         },
         "activity":{  
            "index":0
         }
      },
      {  
         "serequesttype":{  
            "index":3
         },
         "activity":{  
            "index":0
         }
      },
      {  
         "evcservicetype":{  
            "index":0
         },
         "activity":{  
            "index":0
         }
      },
      {  
         "activity":{  
            "index":0
         },
         "trunkformcount":"01"
      },
      {  
         "activity":{  
            "index":0
         }
      },
      {  
         "activity":{  
            "index":0
         }
      },
      {  
         "activity":{  
            "index":0
         }
      },
      {  
         "serequesttype":{  
            "index":1
         }
      },
      {  
         "avrequesttype":{  
            "index":0
         }
      },
      {
         "activity":{  
            "index":1
         }
      },
      {
         "avrequesttype":{  
            "index":1
         }
      }
   ],
   "create_form_data":[  
      {  
         "create":{  
            "ASR_Form":{  
               "asr_adminsection":{  
                  "ICSC":"CA01",
                  "VER":"00",
                  "REQTYP":"EA",
                  "DDD":"getValueDate('5')",
                  "CCNA":"ALT",
                  "PON":"getValuePON('AUTOASREU0')"
               },
               "asr_contactsection":{  
                  "INIT":"fref",
                  "INIT_TELNO":"22244455556666",
                  "INIT_EMAIL":"asd@asd.asd",
                  "DSGCON":"asdd",
                  "DSG_TELNO":"12323445664566",
                  "IMPCON":"sadasd",
                  "IMP_TELNO":"12323445664566"
               },
               "asr_billsection":{  
                  "ACNA":"ASD",
                  "FUSF":"E"
               }
            },
            "SES_Form":{  
               "ses_circuitdetailsection":{  
                  "NC":"AS12",
                  "NCI":"12AS-",
                  "SECNCI":"12AS-"
               }
            },
            "SALI_Form":[  
               {  
                  "addressdetailsection":{  
                     "EUNAME":"TESTUSER",
                     "SASN":"asdd",
                     "SANO":"SADAS",
                     "SAPR":"SAFDSF",
                     "SASF":"SDFSD",
                     "CITY":"Indore",
                     "STATE":"CA",
                     "ZIP":"20166",
                     "PCA":"12345",
                     "LCON":"SDDSFF",
                     "ACTEL":"236-365-8569",
                     "LCON_EMAIL":"asd@sdgh.com"
                  }
               }
            ]
         }
      },
      {  
         "create":{  
            "ASR_Form":{  
               "asr_adminsection":{  
                  "DTSENT":"05-20-2014-0934AM",
                  "SEI":"Y",
                  "VER":"00",
                  "BAN":"333",
                  "REQTYP":"EA",
                  "DDD":"getValueDate('5')",
                  "RTR":"F",
                  "ACT":"C",
                  "CCNA":"ALT",
                  "PON":"getValuePON('AUTOUNIEUEVC0')",
                  "ICSC":"CA01"
               },
               "asr_contactsection":{  
                  "INIT":"fref",
                  "INIT_TELNO":"22244455556666",
                  "INIT_EMAIL":"asd@asd.asd",
                  "DSGCON":"asdd",
                  "DSG_TELNO":"12323445664566",
                  "IMPCON":"sadasd",
                  "IMP_TELNO":"12323445664566"
               },
               "asr_billsection":{  
                  "ACNA":"ASD",
                  "FUSF":"E"
               }
            },
            "SALI_Form":[  
               {  
                  "addressdetailsection":{  
                     "EUNAME":"TESTUSER",
                     "SASN":"asdd",
                     "SANO":"SADAS",
                     "SAPR":"SAFDSF",
                     "SASF":"SDFSD",
                     "CITY":"Indore",
                     "STATE":"CA",
                     "ZIP":"20166",
                     "PCA":"12345",
                     "LCON":"SDDSFF",
                     "ACTEL":"236-365-8569",
                     "LCON_EMAIL":"asd@sdgh.com"
                  }
               }
            ],
            "SES_Form":{  
               "ses_circuitdetailsection":{  
                  "NC":"AS12",
                  "NCI":"12AS-",
                  "SECNCI":"12AS-"
               }
            },
            "EVC_Form":{  
               "EVC_evcdetail":{  
                  "NC":"12AS"
               },
               "EVC_unidetail":[  
                  {  
                     "UREF":"01",
                     "RUID":"SDFSDF",
                     "UACT":"D",
                     "RPON":"RPON000000025454"
                  },
                  {  
                     "UREF":"01",
                     "RUID":"SDFSDF",
                     "UACT":"D",
                     "RPON":"RPON000000025454"
                  }
               ]
            }
         }
      },
      {  
         "create":{  
            "ASR_Form":{  
               "asr_adminsection":{  
                  "DTSENT":"05-20-2014-0934AM",
                  "SEI":"Y",
                  "ICSC":"CA01",
                  "VER":"00",
                  "BAN":"333",
                  "REQTYP":"EA",
                  "DDD":"getValueDate('5')",
                  "RTR":"F",
                  "ACT":"C",
                  "CCNA":"ALT",
                  "PON":"getValuePON('AUTOASRUNPOP')",
                  "ACTL":"1234CA58995"
               },
               "asr_contactsection":{  
                  "INIT":"fref",
                  "INIT_TELNO":"22244455556666",
                  "INIT_EMAIL":"asd@asd.asd",
                  "DSGCON":"asdd",
                  "DSG_TELNO":"12323445664566",
                  "IMPCON":"sadasd",
                  "IMP_TELNO":"12323445664566"
               },
               "asr_billsection":{  
                  "ACNA":"ASD",
                  "FUSF":"E"
               }
            },
            "SES_Form":{  
               "ses_circuitdetailsection":{  
                  "NC":"AS12",
                  "NCI":"12AS-",
                  "SECNCI":"12AS-"
               }
            }
         }
      },
      {  
         "create":{  
            "ASR_Form":{  
               "asr_adminsection":{  
                  "DTSENT":"05-20-2014-0934AM",
                  "SEI":"Y",
                  "ICSC":"CA01",
                  "VER":"00",
                  "BAN":"333",
                  "REQTYP":"EA",
                  "DDD":"getValueDate('5')",
                  "RTR":"F",
                  "ACT":"C",
                  "CCNA":"ALT",
                  "PON":"getValuePON('AUTOUNPOPEVC')",
                  "ACTL":"1234CA58995"
               },
               "asr_contactsection":{  
                  "INIT":"fref",
                  "INIT_TELNO":"22244455556666",
                  "INIT_EMAIL":"asd@asd.asd",
                  "DSGCON":"asdd",
                  "DSG_TELNO":"12323445664566",
                  "IMPCON":"sadasd",
                  "IMP_TELNO":"12323445664566"
               },
               "asr_billsection":{  
                  "ACNA":"ASD",
                  "FUSF":"E"
               }
            },
            "SES_Form":{  
               "ses_circuitdetailsection":{  
                  "NC":"AS12",
                  "NCI":"12AS-",
                  "SECNCI":"12AS-"
               }
            },
            "EVC_Form":{  
               "EVC_evcdetail":{  
                  "NC":"12AS"
               },
               "EVC_unidetail":[  
                  {  
                     "UREF":"01",
                     "RUID":"SDFSDF",
                     "UACT":"D",
                     "RPON":"RPON000000000001"
                  },
                  {  
                     "UREF":"01",
                     "RUID":"SDFSDF",
                     "UACT":"D",
                     "RPON":"RPON000000000002"
                  }
               ]
            }
         }
      },
      {  
         "create":{  
            "ASR_Form":{  
               "asr_adminsection":{  
                  "DTSENT":"05-20-2014-0934AM",
                  "SEI":"Y",
                  "ICSC":"CA01",
                  "VER":"00",
                  "BAN":"333",
                  "REQTYP":"EA",
                  "DDD":"getValueDate('5')",
                  "RTR":"F",
                  "ACT":"C",
                  "CCNA":"ALT",
                  "PON":"getValuePON('AUTOASRSEVC')",
                  "ACTL":"1234CA58995",
                  "EVCI":"A"
               },
               "asr_contactsection":{  
                  "INIT":"fref",
                  "INIT_TELNO":"22244455556666",
                  "INIT_EMAIL":"asd@asd.asd",
                  "DSGCON":"asdd",
                  "DSG_TELNO":"12323445664566",
                  "IMPCON":"sadasd",
                  "IMP_TELNO":"12323445664566"
               },
               "asr_billsection":{  
                  "ACNA":"ASD",
                  "FUSF":"E"
               }
            },
            "SES_Form":{  
               "ses_circuitdetailsection":{  
                  "NC":"AS12",
                  "NCI":"12AS-",
                  "SECNCI":"12AS-"
               }
            },
            "EVC_Form":{  
               "EVC_evcdetail":{  
                  "NC":"12AS"
               },
               "EVC_unidetail":[  
                  {  
                     "UREF":"01",
                     "RUID":"SDFSDF",
                     "UACT":"D",
                     "RPON":"RPON000000000001",
                     "NCI":"02VLN.V"
                  },
                  {  
                     "UREF":"01",
                     "RUID":"SDFSDF",
                     "UACT":"D",
                     "RPON":"RPON000000000002",
                     "NCI":"02VLN.V"
                  }
               ]
            }
         }
      },
      {  
         "create":{  
            "ASR_Form":{  
               "asr_adminsection":{  
                  "CCNA":"ALT",
                  "PON":"getValuePON('AUTOASRTRUNK')",
                  "DTSENT":"05-20-2014-0934AM",
                  "SEI":"Y",
                  "ICSC":"CA01",
                  "VER":"00",
                  "BAN":"333",
                  "REQTYP":"EA",
                  "DDD":"getValueDate('5')",
                  "ACT":"C",
                  "RTR":"F",
                  "LTP":"AA0",
                  "PIU":"LOF",
                  "RPON":"RPON000000000001",
                  "ACTL":"1254CA57878",
                  "ACTI":"C",
                  "TQ":"AY"
               },
               "asr_contactsection":{  
                  "INIT":"fref",
                  "INIT_TELNO":"22244455556666",
                  "INIT_EMAIL":"asd@asd.asd",
                  "DSGCON":"asdd",
                  "DSG_TELNO":"12323445664566",
                  "IMPCON":"sadasd",
                  "IMP_TELNO":"12323445664566"
               },
               "asr_billsection":{  
                  "ACNA":"ASD",
                  "FUSF":"E"
               }
            },
            "TRUNKING_Form":{  
               "servicedetailssection":{  
                  "NC":"12AS",
                  "NCI":"12AS-",
                  "SECLOC":"1234CA58995",
                  "TRFTYP":"ALAM",
                  "TTT":"2"
               }
            }
         }
      },
      {  
         "create":{  
            "ASR_Form":{  
               "asr_adminsection":{  
                  "CCNA":"ALT",
                  "PON":"getValuePON('AUTOASRRING00')",
                  "ICSC":"CA01",
                  "DDD":"getValueDate('5')",
                  "QTY":"01",
                  "FNI":"7878",
                  "FNT":"A",
                  "PIU":"LOF",
                  "ACTL":"BGVLPAALW02"
               },
               "asr_contactsection":{  
                  "INIT":"fref",
                  "INIT_TELNO":"22244455556666",
                  "INIT_EMAIL":"asd@asd.asd",
                  "DSGCON":"asdd",
                  "DSG_TELNO":"12323445664566",
                  "IMPCON":"sadasd",
                  "IMP_TELNO":"12323445664566"
               },
               "asr_billsection":{  
                  "ACNA":"ASD",
                  "FUSF":"E"
               }
            },
            "RING_Form":{  
               "ring_circuitdetailsection":{  
                  "NC":"12CA",
                  "NCI":"04DS9.",
                  "SECNCI":"04DS9..AX"
               },
               "ring_prilocsection":{  
                  "NID":"01"
               },
               "ring_seclocsection":{  
                  "SECLOC":"E12121SDFSDFSDFSFDSDFSDFS"
               }
            }
         }
      },
      {  
         "create":{  
            "ASR_Form":{  
               "asr_adminsection":{  
                  "CCNA":"ALT",
                  "PON":"getValuePON('AUTOTRANSS')",
                  "DTSENT":"05-20-2014-0934AM",
                  "ICSC":"CA01",
                  "VER":"00",
                  "BAN":"E",
                  "REQTYP":"VD",
                  "DDD":"getValueDate('5')",
                  "ACT":"N",
                  "RTR":"F",
                  "ACTL":"1254CA57878",
                  "PIU":"100",
                  "PLU":"100",
                  "WSI":"N",
                  "CC":"2342"
               },
               "asr_contactsection":{  
                  "INIT":"fref",
                  "INIT_TELNO":"22244455556666",
                  "INIT_EMAIL":"asd@asd.asd",
                  "DSGCON":"asdd",
                  "DSG_TELNO":"12323445664566",
                  "IMPCON":"sadasd",
                  "IMP_TELNO":"12323445664566"
               },
               "asr_billsection":{  
                  "ACNA":"ASD",
                  "FUSF":"E"
               }
            },
            "TRANSPORT_Form":{  
               "transport_circuitdetailsection":{  
                  "NC":"12AS",
                  "NCI":"12.AS",
                  "SECNCI":"12AS-",
                  "S25":"B1547878",
                  "N_U":"NNI",
                  "TRFTYP":"ALAM",
                  "TTT":"2",
                  "SECLOC":"C1234CA45454"
               }
            },
            "EVC_Form":{  
               "EVC_evcdetail":{  
                  "NC":"12AS",
                  "NUT":"02",
                  "EVCID":"45/2354/543254/343/ASDA"
               },
               "EVC_unidetail":[  
                  {  
                     "UREF":"01",
                     "RUID":"SDFSDF",
                     "UACT":"D",
                     "NCI":"ASD.asd",
                     "RPON":"DFGDFGDFGDGDGD01"
                  },
                  {  
                     "UREF":"01",
                     "RUID":"SDFSDF",
                     "UACT":"D",
                     "RPON":"DFGDFGDFGDGDGD02",
                     "NCI":"ASD.asd"
                  }
               ]
            }
         }
      },
      {  
         "create":{  
            "ASR_Form":{  
               "asr_adminsection":{  
                  "CCNA":"ALT",
                  "PON":"getValuePON('AUTOFGAORD00')",
                  "DTSENT":"05-20-2014-0934AM",
                  "ICSC":"CA01",
                  "VER":"00",
                  "BAN":"E",
                  "REQTYP":"VD",
                  "DDD":"getValueDate('5')",
                  "ACT":"N",
                  "RTR":"F",
                  "ACTL":"1254CA57878",
                  "PIU":"100",
                  "LTP":"PB0"
               },
               "asr_contactsection":{  
                  "INIT":"fref",
                  "INIT_TELNO":"22244455556666",
                  "INIT_EMAIL":"asd@asd.asd",
                  "DSGCON":"asdd",
                  "DSG_TELNO":"12323445664566",
                  "IMPCON":"sadasd",
                  "IMP_TELNO":"12323445664566"
               },
               "asr_billsection":{  
                  "ACNA":"ASD",
                  "FUSF":"E"
               }
            },
            "FGA_Form":{  
               "FGA_servicedetailsection":{  
                  "NC":"12CA",
                  "NCI":"12CA--"
               },
               "FGA_serviceoptionsection":{  
                  "TBE":"A",
                  "CAD":"Y"
               },
               "FGA_locationsection":{  
                  "SECLOC":"1234CA36569"
               }
            }
         }
      },
      {  
         "create":{  
            "ASR_Form":{  
               "asr_adminsection":{  
                  "CCNA":"ALT",
                  "PON":"getValuePON('AUTOASRWAL0')",
                  "DTSENT":"05-20-2014-0934AM",
                  "ICSC":"CA01",
                  "VER":"00",
                  "DDD":"getValueDate('5')",
                  "QSA":"01"
               },
               "asr_contactsection":{  
                  "INIT":"fref",
                  "INIT_TELNO":"22244455556666",
                  "INIT_EMAIL":"asd@asd.asd",
                  "DSGCON":"asdd",
                  "DSG_TELNO":"12323445664566",
                  "IMPCON":"sadasd",
                  "IMP_TELNO":"12323445664566"
               },
               "asr_billsection":{  
                  "ACNA":"ASD",
                  "FUSF":"E"
               }
            },
            "WAL_Form":{  
               "WAL_circuitdetailsection":{  
                  "NC":"12CA",
                  "SECNCI":"11CAS.ASA.AA",
                  "S25":"NA",
                  "SECLOC":"E"
               }
            },
            "SALI_Form":[  
               {  
                  "addressdetailsection":{  
                     "EUNAME":"TESTUSER",
                     "SASN":"asdd",
                     "SANO":"SADAS",
                     "SAPR":"SAFDSF",
                     "SASF":"SDFSD",
                     "CITY":"Indore",
                     "STATE":"CA",
                     "ZIP":"20166",
                     "PCA":"12345",
                     "LCON":"SDDSFF",
                     "ACTEL":"236-365-8569",
                     "LCON_EMAIL":"asd@sdgh.com"
                  }
               }
            ]
         }
      },
      {  
         "create":{  
            "ASR_Form":{  
               "asr_adminsection":{  
                  "DTSENT":"05-20-2014-0934AM",
                  "SEI":"Y",
                  "ICSC":"CA01",
                  "VER":"00",
                  "BAN":"333",
                  "REQTYP":"EA",
                  "DDD":"getValueDate('5')",
                  "RTR":"F",
                  "ACT":"C",
                  "CCNA":"ALT",
                  "PON":"getValuePON('AUTOUNIEUPOPEVC')",
                  "ACTL":"1234CA58995"
               },
               "asr_contactsection":{  
                  "INIT":"fref",
                  "INIT_TELNO":"22244455556666",
                  "INIT_EMAIL":"asd@asd.asd",
                  "DSGCON":"asdd",
                  "DSG_TELNO":"12323445664566",
                  "IMPCON":"sadasd",
                  "IMP_TELNO":"12323445664566"
               },
               "asr_billsection":{  
                  "ACNA":"ASD",
                  "FUSF":"E"
               }
            },
            "TRANSPORT_Form":{  
               "servicedetailssection":{  
                  "NC":"12AS",
                  "NCI":"12.AS",
                  "SECNCI":"12AS-",
                  "S25":"B1547878",
                  "N_U":"NNI",
                  "TRFTYP":"ALAM",
                  "TTT":"2"
               }
            },
            "EVC_Form":{  
               "EVC_evcdetail":{  
                  "NC":"12AS",
                  "NUT":"02",
                  "EVCID":"45/2354/543254/343/ASDA"
               },
               "EVC_unidetail":[  
                  {  
                     "UREF":"01",
                     "RUID":"SDFSDF",
                     "UACT":"D",
                     "NCI":"12.AS",
                     "RPON":"RPON000000000001"
                  },
                  {  
                     "UREF":"01",
                     "RUID":"SDFSDF",
                     "UACT":"D",
                     "NCI":"12.AS",
                     "RPON":"RPON000000000001"
                  }
               ]
            }
         }
      },
      {  
         "create":{  
            "SALI_Form":[  
               {  
                  "addressdetailsection":{  
                     "AACTEL":"111-111-1111-1111",
                     "AALCON_TEL":"111-111-1111-1111",
                     "ACC":"sadas",
                     "ACTEL":"111-111-1111-1111",
                     "ALCON":"fd",
                     "ALCON_EMAIL":"asdsa@sdf.com",
                     "ALCON_TEL":"111-111-1111-1111",
                     "CITY":"Indore",
                     "EUNAME":"TestUser",
                     "LCON":"sfdfd",
                     "LCON_EMAIL":"sda@sadf.com",
                     "PCA":"12CAA",
                     "SASN":"cxvcvvxc",
                     "STATE":"CA",
                     "WKTEL":"888-888-8888",
                     "ZIP":"20155555"
                     
                  }
               },
               {  
                  "addressdetailsection":{  
                     "AACTEL":"111-111-1111-1111",
                     "AALCON_TEL":"111-111-1111-1111",
                     "ACC":"sadas",
                     "ACTEL":"111-111-1111-1111",
                     "ALCON":"fd",
                     "ALCON_EMAIL":"asdsa@sdf.com",
                     "ALCON_TEL":"111-111-1111-1111",
                     "CITY":"Indore",
                     "EUNAME":"TestUser",
                     "LCON":"sfdfd",
                     "LCON_EMAIL":"sda@sadf.com",
                     "PCA":"12CAA",
                     "PI":"",
                     "SASN":"cxvcvvxc",
                     "STATE":"CA",
                     "WKTEL":"888-888-8888",
                     "ZIP":"20155555",
                     "PI":"Y"
                  }
               }
            ],
            "ASR_Form":{  
               "asr_adminsection":{  
                  "ACT":"N",
                  "BAN":"E",
                  "CCNA":"ALT",
                  "DDD":"getValueDate('7')",
                  "DTSENT":"08-10-2015-0431PM",
                  "ICSC":"CA01",
                  "QSA":"02",
                  "PIU":"100",
                  "PON":"getValuePON('AUTOTRANSE')",
                  "QTY":"1",
                  "REQTYP":"ED",
                  "RTR":"F",
                  "VER":"00"
               },
               "asr_billsection":{  
                  "ACNA":"ALT",
                  "FUSF":"E",
                  "TE":""
               },
               "asr_contactsection":{  
                  "DSGCON":"dsfsd",
                  "DSG_TELNO":"888-888-8888-8888",
                  "IMPCON":"SDF",
                  "IMP_TELNO":"111-111-1111-1111",
                  "INIT":"SDF",
                  "INIT_EMAIL":"sdf@fsd.com",
                  "INIT_TELNO":"111-111-1111-1111"
               }
            },
            "EUSA_Form":{  
               "eusa_circuitdetailsection":{  
                  "CKLT":"1234AL12344",
                  "NC":"12CA",
                  "NCI":"12AS."
               },
               "eusa_prilocsection":{  
                  "PRIS25":"B25"
               },
               "eusa_seclocsection":{  
                  "SECS25":"B25"
               }
            },
            "EVC_Form":{  
               "EVC_evcdetail":{  
                  "EVCID":"AS/DASD/124323/423/ASDA",
                  "EVCNUM":"0001",
                  "NC":"AS12"
               },
               "EVC_unidetail":[  
                  {  
                     "NCI":"04SOP.23",
                     "RPON":"QWERWQE123123R12",
                     "RUID":"ADG11.11",
                     "UACT":"D",
                     "UREF":"01"
                  },
                  {  
                     "NCI":"04SOP.23",
                     "RPON":"QWERWQE123123R12",
                     "RUID":"ADG11.11",
                     "UACT":"D",
                     "UREF":"01"
                  }
               ]
            }
         }
         },
         {
         "create":{  
            "ASR_Form":{  
               "asr_adminsection":{  
                  "ASG":"ASG",
                  "BIC":"2",
                  "BIC_ID":"BICID",
                  "BIC_TEL":"222-222-2222",
                  "CBD":"CBD",
                  "CC":"SB01",
                  "CCNA":"ALT",
                  "CCVN":"ALT",
                  "CNO":"CNO",
                  "CUST":"CUST",
                  "DDD":"getValueDate('7')",
                  "EDA":"Y",
                  "FDT":"E12P02P",
                  "ICSC":"AT01",
                  "LA":"Y",
                  "QTY":"",
                  "LADATED":"getValueDate('7')",
                  "LANM":"LANM",
                  "LATA":"001",
                  "NPVC":"01",
                  "PIU":"LOF",
                  "PON":"getValuePON('AUTOASRPVC')",
                  "PROJECT":"PROJECT01",
                  "RORD":"RORD",
                  "RPON":"RPON0001",
                  "RTR":"F",
                  "SAN":"SAN001",
                  "SRN":"SRN",
                  "TSP":"123456789-E0",
                  "UNIT":"B"
               },
               "asr_contactsection":{  
                  "INIT":"fref",
                  "INIT_TELNO":"22244455556666",
                  "INIT_EMAIL":"asd@asd.asd",
                  "DSGCON":"asdd",
                  "DSG_TELNO":"12323445664566",
                  "IMPCON":"sadasd",
                  "IMP_TELNO":"12323445664566"
               },
               "asr_billsection":{  
                  "ACNA":"ALT",
                  "BILLCON":"BILLCON",
                  "FUSF":"E",
                  "BILLCON_EMAIL":"sds@sd.com",
                  "BILLNM":"BILLNUM001",
                  "CITY":"CITY",
                  "EBP":"EBP",
                  "FLOOR":"FLR",
                  "PNUM":"PNUM",
                  "PSD":"getValueDate('7')",
                  "ROOM":"SDD",
                  "SBILLNM":"SBILLNM002",
                  "STATE":"CA",
                  "STREET":"STREET",
                  "TE":"E",
                  "TELNO":"777-777-7777-7777",
                  "VTA":"VTA",
                  "ZIP_CODE":"20155"
               }
            },
            "PVC_Form":{  
               "pvc_circuitdetail":[  
                  {  
                     "ASN":"78787",
                     "DLCI":"0011",
                     "PVCACT":"K",
                     "PVCCKR":"PVCKKR",
                     "PVCNUM":"0001",
                     "VPN_NM":"SDFSDFSD",
                     "BDW":"UNI",
                     "LOS":"001",
                     "LOSACT":"D",
                     "LREF":"1",
                     "pvc_lrefmapping2":[  
                        {  
                           "BDW":"UNI",
                           "LOS":"001",
                           "LOSACT":"D",
                           "LREF":"1"
                        }
                     ]
                  }
               ],
               "pvc_lrefmapping2":[  
                  {  
                     "BDW":"UNI",
                     "LOS":"001",
                     "LOSACT":"D",
                     "LREF":"1"
                  }
               ],
               "pvc_commonsection":{  
                  "NC":"12CA",
                  "NCI":"12CA--",
                  "RPID":"RPID589898"
               }
            }
         }
         },
         {
         "create":{  
            "ASR_Form":{  
               "asr_adminsection":{  
                  "BAN":"BAN6899",
                  "CCNA":"ALT",
                  "DDD":"getValueDate('7')",
                  "ICSC":"AT01",
                  "NPVC":"01",
                  "ACTL":"1234CA66666",
                  "PIU":"LOF",
                  "QTY":"01",
                  "PON":"getValuePON('AUTOASSRDIS')",
                  "PVCI":"A",
                  "RTR":"F"
               },
               "asr_contactsection":{  
                  "DSGCON":"TESTDSGCON",
                  "DSG_TELNO":"777-777-7777-7777",
                  "IMPCON":"TESTIMPCON",
                  "IMP_TELNO":"888-888-8888-8888",
                  "INIT":"TESTINIT444444",
                  "INIT_EMAIL":"TEST@TEST.COM",
                  "INIT_TELNO":"777-777-7777-7777"
               },
               "asr_billsection":{  
                  "ACNA":"ALT",
                  "FUSF":"E"
               }
            },
            "DIS_Form":{  
               "dis_circuitdetailsection":{  
                  "ACCTYPE":"ACCTYPE",
                  "ASN":"4444444444",
                  "CCEA":"sdfsdfs",
                  "DIVPON":"ASDASD0000001111",
                  "EASBDW":"1233333M",
                  "GCON":"sdf",
                  "GETO":"N",
                  "GTEL":"888-888-8888-8888",
                  "IPAI":"4",
                  "IPAI2":"6",
                  "IP_ADDRESS":"SDFSDFSDFS",
                  "IP_ADDRESS2":"SDFSDFSDFS",
                  "LAG_ID":"LAGID001",
                  "NC":"12CA",
                  "NCI":"12CA--",
                  "PROFE":"PROFE",
                  "ROUTER":"1234CA66666",
                  "SBDW":"1000000M",
                  "SECLOC":"1234CA44878",
                  "SECNCI":"12CA--",
                  "SUBNET_MASK":"89898"
               }
            }
         }
      }
   ],
   "supplement_form_data":[  
      {  
         "create":{  
            "ASR_Form":{  
               "asr_adminsection":{  
                  "DDD":"getValueDate('5')",
                  "VER":"01",
                  "SUP":"2"
               }
            }
         }
      }
   ],
   "clone_form_data":[  
      {  
         "create":{  
            "ASR_Form":{  
               "asr_adminsection":{  
                  "PON":"getValuePON('AUTOCLONEORD')",
                  "DDD":"getValueDate('0')"
               }
            }
         }
      }
   ],
   "preorder_form_data":[  
      { 
         "create":{  
            "RequestHeader":{
                   "CCNA":"ALT",
                  "STATE":"CA",
                  "MESSAGE_ID":"getValuePON('AUTOASRPRE')",
                  "CC":"CA",
                  "ICSC":"SB01"
                  

               },
               "RequestBody":{
                  "LocationInquiry":{  
                     "Addr":{  
                        "CITY":"TESTCITY",
                        "SANO":"TESTSANO",
                        "SASN":"TESTSASN",
                        "STATE":"CA",
                        "ZIP":"12345"
                     }
                     }
                     },
            "LOC_Form":{  
               "cfa_requestheader":{  
                  "CCNA":"",
                  "STATE":"",
                  "CC":"",
                  "ICSC":"",
                  "MESSAGE_ID":""
                  
               },
               "cfaRequestBody":{  
                  "CITY":"TESTCITY",
                        "SANO":"",
                        "SASN":"",
                        "STATE":"",
                        "ZIP":""
               }
            }
         }
      },
      {


 "create":{  
            "RequestHeader":{
                   "CCNA":"ALT",
                  "STATE":"CA",
                  "MESSAGE_ID":"getValuePON('AUTOASRPRE')",
                  "CC":"CA",
                  "ICSC":"SB01"
                  

               },
               "RequestBody":{
                  "LocationInquiry":{  
                     "WTN":{  
                        "CITY":"TESTCITY",
                        "WKTEL":"9999999990",
                        "SASN":"TESTSASN",
                        "STATE":"CA"
                     }
                     }
                     },
            "SA_Form":{  
               "cfa_requestheader":{  
                  "CCNA":"",
                  "STATE":"",
                  "CC":"",
                  "ICSC":"",
                  "MESSAGE_ID":""
                  
               },
               "cfaRequestBody":{  
                  "CITY":"",
                   "WKTEL":"",
                  "STATE":""               }
            }
         }
      },
      {


 "create":{  
            "RequestHeader":{
                   "CCNA":"ATT",
                  "STATE":"CA",
                  "MESSAGE_ID":"getValuePON('AUTOASRPRE')",
                  "CC":"0015",
                  "ICSC":"SB01"
                  

               },
               "RequestBody":{
                  "LocationInquiry":{  
                     "WCKT":{  
                        "WKCID":"TESTWKCID",
                        "NPANXX":"123456",
                        "SWC":"TESTSWC"
                     }
                     }
                     },
            "LOC_Form":{  
               "cfa_requestheader":{  
                  "CCNA":"",
                  "STATE":"",
                  "CC":"",
                  "ICSC":"",
                  "MESSAGE_ID":""
                  
               },
               "cfaRequestBody":{  
                  "WKCID":"",
                   "NPANXX":"",
                  "SWC":""               }
            }
         }
      },
       {


 "create":{  
            "RequestHeader":{
                   "CCNA":"ALT",
                  "STATE":"CA",
                  "MESSAGE_ID":"getValuePON('AUTOASRPRE')",
                  "CC":"CA",
                  "ICSC":"LB01"
                  

               },
               "RequestBody":{
                  "SvcAvailInquiry":{  
                     
                        "NC":"12CA--",
                        "NCI":"12CAA1ASE2F2",
                        "LOC1":"TESTLOC1"
                     
                     }
                     },
            "SA_Form":{  
               "cfa_requestheader":{  
                  "CCNA":"",
                  "STATE":"",
                  "CC":"",
                  "ICSC":"",
                  "MESSAGE_ID":""
                  
               },
               "saRequestBody":{  
                  "NC":"",
                   "NCI":"",
                  "LOC1":""               }
            }
         }
      },
      {


 "create":{  
            "RequestHeader":{
                   "CCNA":"ALT",
                  "STATE":"CA",
                  "MESSAGE_ID":"getValuePON('AUTOASRPRE')",
                  "CC":"CA",
                  "ICSC":"LB01"
                  

               },
               "RequestBody":{
                  "CFAInquiry":{  
                     
                        "FACDESG":"FACDESG",
                           "FACTYPE":"ASD",
                                 "LOCZ":"1234CA57487",
                                 "LOCA":"1234CA57487"
                     
                     }
                     },
            "CFA_Form":{  
               "cfa_requestheader":{  
                  "CCNA":"",
                  "STATE":"",
                  "CC":"",
                  "ICSC":"",
                  "MESSAGE_ID":""
                  
               },
               "cfaRequestBody":{  
                  "FACDESG":"",
                   "FACTYPE":"",
                     "LOCZ":"",
                     "LOCA":""               }
            }
         }
      }





   ],
   "response_form_data":[  
      {  
         "create":{  
            "CN_Form":{  
               "cn_adminsection":{  
                  "AP_REP":"DFSD547878",
                  "AP_REP_TELNO":"111-111-1111-1111",
                  "EC_VER":"01",
                  "RT":"B"
               }
            },
            "OB_Form":{  
               "ob_adminsection":{  
                  "ORD":"ORD00001",
                  "REP":"RESP",
                  "REP_TELNO":"999-999-9999-9999"
               },
               "openbillingsection":{  
                  "circuitdetail":[  
                     {  
                        "ECCKT":"12312321DFSDFSDFSDFSDFVCXCVDFGERTDFFGFDGFD"
                     }
                  ]
               },
               "CircuitDetail":[  
                  {  
                     "ECCKT":"12312321DFSDFSDFSDFSDFVCXCVDFGERTDFFGFDGFD"
                  }
               ]
            }
         }
      },
      {  
         "create":{  
            "CNR_Form":{  
               "cnr_adminsection":{  
                  "AP_REP":"REP0001",
                  "AP_REP_TELNO":"333-333-3333-3333",
                  "INIT":"fref"
               },
               "cnr_detailsection":{  
                  "CNR_VER":"01",
                  "CNT":"B"
               }
            }
         }
      },
      {  
         "create":{  
            "DLR_Form":{  
               "dlr_adminsection":{  
                  "CO":"1245",
                  "DD":"getValueDate(0)",
                  "DLR":"545487",
                  "DSGCON":"SADASDSAd",
                  "ECCKT":"SDFSD5555555555555555454",
                  "ECDSGCON":"ASDAASDF",
                  "ECMCO":"888-888-8888-8888",
                  "ECOCO":"888-888-8888-8888",
                  "ECTEL":"888-888-8888-8888",
                  "ISS":"getValueDate(0)",
                  "ISS_NO":"45",
                  "ORD":"5445ASD",
                  "PTD":"11-17-2015",
                  "TEL":"888-888-8888-8888"
               },
               "dlr_designsection":{  
                  "NC":"12CA-",
                  "matrix":[  
                     {  
                        "EQPTYPE":"SDFSDF",
                        "LOCN":"SDFFDD",
                        "FACTYPE":"SDFSDFSDSDFSD"
                     }
                  ]
               },
               "matrix":[  
                  {  
                     "EQPTYPE":"SDFSDF",
                     "LOCN":"SDFFDD",
                     "FACTYPE":"SDFSDFSDSDFSD"
                  }
               ]
            }
         }
      },
      {  
         "create":{  
            "DLR_Form":{  
               "dlr_adminsection":{  
                  "PON":"globalpon",
                  "CO":"1245",
                  "DD":"getValueDate(0)",
                  "DLR":"545487",
                  "DSGCON":"SADASDSAd",
                  "ECCKT":"SDFSD5555555555555555454",
                  "ECDSGCON":"ASDAASDF",
                  "ECMCO":"888-888-8888-8888",
                  "ECOCO":"888-888-8888-8888",
                  "ECTEL":"888-888-8888-8888",
                  "ISS":"getValueDate(0)",
                  "ISS_NO":"45",
                  "ORD":"5445ASD",
                  "PTD":"11-17-2015",
                  "TEL":"888-888-8888-8888"
               },
               "dlr_designsection":{  
                  "NC":"12CA-",
                  "matrix":[  
                     {  
                        "EQPTYPE":"SDFSDF",
                        "LOCN":"SDFFDD",
                        "FACTYPE":"SDFSDFSDSDFSD"
                     }
                  ]
               },
               "matrix":[  
                  {  
                     "EQPTYPE":"SDFSDF",
                     "LOCN":"SDFFDD",
                     "FACTYPE":"SDFSDFSDSDFSD"
                  }
               ]
            }
         }
      }
   ]
}