{  
   "login_selector":{  
      "domain":"login.domain",
      "user":"login.user",
      "password":"login.password"
   },
   "user_selector":{  
      "username":"userDetail.USERNAME",
      "firstname":"userDetail.FIRSTNAME",
      "lastname":"userDetail.LASTNAME",
      "email":"userDetail.EMAIL",
      "address1":"userDetail.ADDRESS1",
      "address2":"userDetail.ADDRESS2",
      "city":"userDetail.CITY",
      "state":"userDetail.STATE",
      "zip":"userDetail.ZIP",
      "officephone":"userDetail.OFFICEPHONE",
      "cellphone":"userDetail.CELLPHONE",
      "pager":"userDetail.PAGER",
      "usertype":"userDetail.USERTYPE",
      "company":"userDetail.COMPANY",
      "password":"userDetail.PASSWORD",
      "confirm_password":"userDetail.CONFIRM_PASSWORD"
   },
   "user_search_selector":{  
      "search":"searchUser"
   },
   "role_selector":{  
      "rolename":"roleDetail.ROLENAME",
      "roledescription":"roleDetail.ROLEDESCRIPTION"
   },
   "role_search_selector":{  
      "search":"searchRole"
   },
   "create_popup_first_selector":{  
      "requesttype":"stdFormData.REQUESTTYPE",
      "tradingpartner":"stdFormData.TP",
      "ordertype":"stdFormData.ORDERTYPE",
      "isTemplate":"stdFormData.ISTEMPLATE"
   },
   "create_popup_second_selector":{  
      "serequesttype":"stdFormData.SEREQUESTTYPE",
      "activity":"stdFormData.ACTIVITY",
      "trunkformcount":"stdFormData.TRUNKFORM_COUNT",
      "evcservicetype":"stdFormData.SER_TYP_Q",
      "isvcform":"stdFormData.ISVCFORM",
      "vcformcount":"stdFoTRANSPORT_FormrmData.VCFORM_COUNT",
      "avrequesttype":"stdFormData['AVREQUESTTYPE']"
   },
   "search_order_selector":{  
      "SERVICE_TYPE":"search.SERVTYP",
      "TRADING_PARTNER":"search.SUPPLIER",
      "ORDER_STATUS":"search.ORDER_STATUS",
      "PON":"search.PON",
      "ICSC":"search.ICSC"
   },
   "order_history_selector":{  
      "action_edit":"applyAction[$index]",
      "action_clone":"applyAction[$index]",
      "action_confirmation_response":"applyAction[$index]",
      "action_secondary_confirmation_response":"applyAction[$index]",
      "action_clarification_response":"applyAction[$index]",
      "action_dlr_response":"applyAction[$index]"
   },
   "create_form_selector":{  
     
      "ASR_Form":{  
         "asr_adminsection":{  
            "CCNA":"create.ASR_Form.asr_adminsection.CCNA",
            "PON":"create.ASR_Form.asr_adminsection.PON",
            "SUP":"create.ASR_Form.asr_adminsection.SUP",
            "DDD":"create.ASR_Form.asr_adminsection.DDD",
            "REQTYP":"create.ASR_Form.asr_adminsection.REQTYP",
            "RTR":"create.ASR_Form.asr_adminsection.RTR",
            "PIU":"create.ASR_Form.asr_adminsection.PIU",
            "QTY":"create.ASR_Form.asr_adminsection.QTY",
            "LTP":"create.ASR_Form.asr_adminsection.LTP",
            "PLU":"create.ASR_Form.asr_adminsection.PLU",
            "WSI":"create.ASR_Form.asr_adminsection.WSI",
            "RPON":"create.ASR_Form.asr_adminsection.RPON",
            "ACTI":"create.ASR_Form.asr_adminsection.ACTI",
            "ACTL":"create.ASR_Form.asr_adminsection.ACTL",
            "TQ":"create.ASR_Form.asr_adminsection.TQ",
            "QSA":"create.ASR_Form.asr_adminsection.QSA",
            "BAN":"create.ASR_Form.asr_adminsection.BAN",
            "ASG":"create.ASR_Form.asr_adminsection.ASG",
            "BIC":"create.ASR_Form.asr_adminsection.BIC",
            "BIC_ID":"create.ASR_Form.asr_adminsection.BIC_ID",
            "BIC_TEL":"create.ASR_Form.asr_adminsection.BIC_TEL",
            "CBD":"create.ASR_Form.asr_adminsection.BIC_TEL",
            "CCVN":"create.ASR_Form.asr_adminsection.CCVN",
            "CNO":"create.ASR_Form.asr_adminsection.CNO",
            "CUST":"create.ASR_Form.asr_adminsection.CUST",
            "EDA":"create.ASR_Form.asr_adminsection.EDA",
            "FDT":"create.ASR_Form.asr_adminsection.FDT",
            "LA":"create.ASR_Form.asr_adminsection.LA",
            "LADATED":"create.ASR_Form.asr_adminsection.LADATED",
            "LANM":"create.ASR_Form.asr_adminsection.LANM",
            "LATA":"create.ASR_Form.asr_adminsection.LATA",
            "NPVC":"create.ASR_Form.asr_adminsection.NPVC",
            "PROJECT":"create.ASR_Form.asr_adminsection.PROJECT",
            "PVCI":"create.ASR_Form.asr_adminsection.PVCI",
            "RORD":"create.ASR_Form.asr_adminsection.RORD",
            "SAN":"create.ASR_Form.asr_adminsection.SAN",
            "SRN":"create.ASR_Form.asr_adminsection.SRN",
            "TSP":"create.ASR_Form.asr_adminsection.TSP",
            "UNIT":"create.ASR_Form.asr_adminsection.UNIT",
            "VER":"create.ASR_Form.asr_adminsection.VER",
            "EVCI":"create.ASR_Form.asr_adminsection.EVCI",
            "CC":"create.ASR_Form.asr_adminsection.CC",
            "FNI":"create.ASR_Form.asr_adminsection.FNI",
            "ICSC":"create.ASR_Form.asr_adminsection.ICSC",
            "FNT":"create.ASR_Form.asr_adminsection.FNT"
         },
         "asr_billsection":{  
            "ACNA":"create.ASR_Form.asr_billsection.ACNA",
            "TE":"create.ASR_Form.asr_billsection.TE",
            "FUSF":"create.ASR_Form.asr_billsection.FUSF",
            "VTA":"create.ASR_Form.asr_billsection.VTA",
            "PNUM":"create.ASR_Form.asr_billsection.PNUM",
            "BILLCON":"create.ASR_Form.asr_billsection.BILLCON",
            "BILLCON_EMAIL":"create.ASR_Form.asr_billsection.BILLCON",
            "BILLNM":"create.ASR_Form.asr_billsection.BILLNM",
            "CITY":"create.ASR_Form.asr_billsection.CITY",
            "EBP":"create.ASR_Form.asr_billsection.EBP",
            "FLOOR":"create.ASR_Form.asr_billsection.FLOOR",
            "PSD":"create.ASR_Form.asr_billsection.PSD",
            "ROOM":"create.ASR_Form.asr_billsection.ROOM",
            "SBILLNM":"create.ASR_Form.asr_billsection.SBILLNM",
            "STATE":"create.ASR_Form.asr_billsection.STATE",
            "STREET":"create.ASR_Form.asr_billsection.STREET",
            "TELNO":"create.ASR_Form.asr_billsection.TELNO",
            "ZIP_CODE":"create.ASR_Form.asr_billsection.ZIP_CODE"
         },
         "asr_contactsection":{  
            "INIT":"create.ASR_Form.asr_contactsection.INIT",
            "INIT_TELNO":"create.ASR_Form.asr_contactsection.INIT_TELNO",
            "INIT_EMAIL":"create.ASR_Form.asr_contactsection.INIT_EMAIL",
            "DSGCON":"create.ASR_Form.asr_contactsection.DSGCON",
            "DSG_TELNO":"create.ASR_Form.asr_contactsection.DSG_TELNO",
            "IMPCON":"create.ASR_Form.asr_contactsection.IMPCON",
            "IMP_TELNO":"create.ASR_Form.asr_contactsection.IMP_TELNO",
            "CBPC":"create.ASR_Form.asr_contactsection.CBPC",
            "CB_TELNO":"create.ASR_Form.asr_contactsection.CB_TELNO",
            "MTCE_EMAIL":"create.ASR_Form.asr_contactsection.MTCE_EMAIL"
         }
      },
      
      "DIS_Form":{  
         "dis_circuitdetailsection":{  
            "ACCTYPE":"create.DIS_Form.dis_circuitdetailsection.ACCTYPE",
            "ASN":"create.DIS_Form.dis_circuitdetailsection.ASN",
            "CCEA":"create.DIS_Form.dis_circuitdetailsection.CCEA",
            "DIVPON":"create.DIS_Form.dis_circuitdetailsection.DIVPON",
            "EASBDW":"create.DIS_Form.dis_circuitdetailsection.EASBDW",
            "GCON":"create.DIS_Form.dis_circuitdetailsection.GCON",
            "GETO":"create.DIS_Form.dis_circuitdetailsection.GETO",
            "GTEL":"create.DIS_Form.dis_circuitdetailsection.GTEL",
            "IPAI":"create.DIS_Form.dis_circuitdetailsection.IPAI",
            "IPAI2":"create.DIS_Form.dis_circuitdetailsection.IPAI2",
            "IP_ADDRESS":"create.DIS_Form.dis_circuitdetailsection.IP_ADDRESS",
            "IP_ADDRESS2":"create.DIS_Form.dis_circuitdetailsection.IP_ADDRESS2",
            "LAG_ID":"create.DIS_Form.dis_circuitdetailsection.LAG_ID",
            "NC":"create.DIS_Form.dis_circuitdetailsection.NCI",
            "NCI":"create.DIS_Form.dis_circuitdetailsection.NC",
            "PROFE":"create.DIS_Form.dis_circuitdetailsection.PROFE",
            "ROUTER":"create.DIS_Form.dis_circuitdetailsection.ROUTER",
            "SBDW":"create.DIS_Form.dis_circuitdetailsection.NC",
            "SECLOC":"create.DIS_Form.dis_circuitdetailsection.SECLOC",
            "SECNCI":"create.DIS_Form.dis_circuitdetailsection.SECNCI",
            "SUBNET_MASK":"create.DIS_Form.dis_circuitdetailsection.SUBNET_MASK"
         }
      },
      "PVC_Form":{  
         "pvc_circuitdetail":{  
            "VPN_NM":"create.PVC_Form.pvc_circuitdetail[pvc_circuitdetail].VPN_NM",
            "ASN":"create.PVC_Form.pvc_circuitdetail[pvc_circuitdetail].ASN",
            "DLCI":"create.PVC_Form.pvc_circuitdetail[pvc_circuitdetail].DLCI",
            "PVCACT":"create.PVC_Form.pvc_circuitdetail[pvc_circuitdetail].PVCACT",
            "PVCCKR":"create.PVC_Form.pvc_circuitdetail[pvc_circuitdetail].PVCCKR",
            "PVCID":"create.PVC_Form.pvc_circuitdetail[pvc_circuitdetail].PVCID",
            "PVCNUM":"create.PVC_Form.pvc_circuitdetail[pvc_circuitdetail].PVCNUM"
         },
         "pvc_lrefmapping2":{  
            "LREF":"create.PVC_Form.pvc_circuitdetail[pvc_circuitdetail].pvc_lrefmapping2[pvc_lrefmapping2].LREF",
            "BDW":"create.PVC_Form.pvc_circuitdetail[pvc_circuitdetail].pvc_lrefmapping2[pvc_lrefmapping2].BDW",
            "LOS":"create.PVC_Form.pvc_circuitdetail[pvc_circuitdetail].pvc_lrefmapping2[pvc_lrefmapping2].LOS",
            "LOSACT":"create.PVC_Form.pvc_circuitdetail[pvc_circuitdetail].pvc_lrefmapping2[pvc_lrefmapping2].LOSACT",
            "SPEC":"create.PVC_Form.pvc_circuitdetail[pvc_circuitdetail].pvc_lrefmapping2[pvc_lrefmapping2].SPEC"
         },
         "pvc_commonsection":{  
            "NC":"create.PVC_Form.pvc_commonsection.NC",
            "NCI":"create.PVC_Form.pvc_commonsection.NCI",
            "RPID":"create.PVC_Form.pvc_commonsection.RPID"
         }
      },
      "SES_Form":{  
         "ses_circuitdetailsection":{  
            "NC":"create.SES_Form.ses_circuitdetailsection.NC",
            "NCI":"create.SES_Form.ses_circuitdetailsection.NCI",
            "SECNCI":"create.SES_Form.ses_circuitdetailsection.SECNCI",
            "ACTEL":"create.SES_Form.ses_circuitdetailsection.ACTEL",
            "AACTEL":"create.SES_Form.ses_circuitdetailsection.AACTEL",
            "AALCON_TEL":"create.SES_Form.ses_circuitdetailsection.AALCON_TEL"
         }
      },
      "SALI_Form":{  
         "addressdetailsection":{  
            "REFNUM":"create.SALI_Form[SALI_Form].addressdetailsection.REFNUM",
            "PI":"create.SALI_Form[SALI_Form].addressdetailsection.PI",
            "SASN":"create.SALI_Form[SALI_Form].addressdetailsection.SASN",
            "EUNAME":"create.SALI_Form[SALI_Form].addressdetailsection.EUNAME",
            "CITY":"create.SALI_Form[SALI_Form].addressdetailsection.CITY",
            "STATE":"create.SALI_Form[SALI_Form].addressdetailsection.STATE",
            "ZIP":"create.SALI_Form[SALI_Form].addressdetailsection.ZIP",
            "PCA":"create.SALI_Form[SALI_Form].addressdetailsection.PCA",
            "LCON":"create.SALI_Form[SALI_Form].addressdetailsection.LCON",
            "ACTEL":"create.SALI_Form[SALI_Form].addressdetailsection.ACTEL",
            "LCON_EMAIL":"create.SALI_Form[SALI_Form].addressdetailsection.LCON_EMAIL",
            "SANO":"create.SALI_Form[SALI_Form].addressdetailsection.SANO",
            "SAPR":"create.SALI_Form[SALI_Form].addressdetailsection.SAPR",
            "SASF":"create.SALI_Form[SALI_Form].addressdetailsection.SASF",
            "WKTEL":"create.SALI_Form[SALI_Form].addressdetailsection.WKTEL",
            "ALCON_EMAIL":"create.SALI_Form[SALI_Form].addressdetailsection.ALCON_EMAIL",
            "ALCON_TEL":"create.SALI_Form[SALI_Form].addressdetailsection.ALCON_TEL",
            "ALCON":"create.SALI_Form[SALI_Form].addressdetailsection.ALCON",
            "AALCON_TEL":"create.SALI_Form[SALI_Form].addressdetailsection.AALCON_TEL",
            "AACTEL":"create.SALI_Form[SALI_Form].addressdetailsection.AACTEL",
            "ACC":"create.SALI_Form[SALI_Form].addressdetailsection.ACC"
         }
      },
      "EVC_Form":{  
         "EVC_evcdetail":{  
            "NC":"create.EVC_Form.EVC_evcdetail.NC",
            "NUT":"create.EVC_Form.EVC_evcdetail.NUT",
            "EVCID":"create.EVC_Form.EVC_evcdetail.EVCID"
         },
         "EVC_UNIDETAIL":{  
            "UACT":"create.EVC_Form.EVC_unidetail[EVC_unidetail].UACT",
            "RUID":"create.EVC_Form.EVC_unidetail[EVC_unidetail].RUID",
            "UREF":"create.EVC_Form.EVC_unidetail[EVC_unidetail].UREF",
            "RPON":"create.EVC_Form.EVC_unidetail[EVC_unidetail].RPON",
            "NCI":"create.EVC_Form.EVC_unidetail[EVC_unidetail].NCI"
         }
      },
      "TRUNKING_Form":{  
         "servicedetailssection":{  
            "NC":"create.TRUNKING_Form.servicedetailssection.NC",
            "NCI":"create.TRUNKING_Form.servicedetailssection.NCI",
            "SECLOC":"create.TRUNKING_Form.servicedetailssection.SECLOC",
            "TRFTYP":"create.TRUNKING_Form.servicedetailssection.TRFTYP",
            "TTT":"create.TRUNKING_Form.servicedetailssection.TTT"
         }
      },
      "TRANSPORT_Form":{  
         "transport_circuitdetailsection":{  
            "NC":"create.TRANSPORT_Form.transport_circuitdetailsection.NC",
            "NCI":"create.TRANSPORT_Form.transport_circuitdetailsection.NCI",
            "SECNCI":"create.TRANSPORT_Form.transport_circuitdetailsection.SECNCI",
            "N_U":"create.TRANSPORT_Form.transport_circuitdetailsection.N_U",
            "S25":"create.TRANSPORT_Form.transport_circuitdetailsection.S25",
            "SECLOC":"create.TRANSPORT_Form.transport_circuitdetailsection.SECLOC"
         }
      },
      "EUSA_Form":{  
         "eusa_circuitdetailsection":{  
            "NC":"create.EUSA_Form.eusa_circuitdetailsection.NC",
            "NCI":"create.EUSA_Form.eusa_circuitdetailsection.NCI",
            "CKLT":"create.EUSA_Form.eusa_circuitdetailsection.CKLT"
         },
         "eusa_prilocsection":{  
            "PRIS25":"create.EUSA_Form.eusa_prilocsection.PRIS25"
         },
         "eusa_seclocsection":{  
            "SECS25":"create.EUSA_Form.eusa_seclocsection.SECS25"
         }
      },
      "FGA_Form":{  
         "FGA_servicedetailsection":{  
            "NC":"create.FGA_Form.FGA_servicedetailsection.NC",
            "NCI":"create.FGA_Form.FGA_servicedetailsection.NCI"
         },
         "FGA_ServiceOptionSection":{  
            "TBE":"create.FGA_Form.FGA_serviceoptionsection.TBE",
            "CAD":"create.FGA_Form.FGA_serviceoptionsection.CAD"
         },
         "FGA_locationsection":{  
            "SECLOC":"create.FGA_Form.FGA_locationsection.SECLOC",
            "NSL":"create.FGA_Form.FGA_locationsection.NSL",
            "LOCBAN":"create.FGA_Form.FGA_locationsection.LOCBAN",
            "EUCON":"create.FGA_Form.FGA_locationsection.EUCON",
            "EUTEL":"create.FGA_Form.FGA_locationsection.EUTEL"
         }
      },
      "RING_Form":{  
         "ring_circuitdetailsection":{  
            "NC":"create.RING_Form.ring_circuitdetailsection.NC",
            "NCI":"create.RING_Form.ring_circuitdetailsection.NCI",
            "SECNCI":"create.RING_Form.ring_circuitdetailsection.SECNCI",
            "PORTS":"create.RING_Form.ring_circuitdetailsection.PORTS",
            "CFA":"create.RING_Form.ring_circuitdetailsection.CFA",
            "INCH":"create.RING_Form.ring_circuitdetailsection.INCH",
            "RMP":"create.RING_Form.ring_circuitdetailsection.RMP",
            "NMO":"create.RING_Form.ring_circuitdetailsection.NMO",
            "SPEC":"create.RING_Form.ring_circuitdetailsection.SPEC",
            "SR":"create.RING_Form.ring_circuitdetailsection.SR"
         },
         "ring_prilocsection":{  
            "PRILOC":"create.RING_Form.ring_prilocsection.PRILOC",
            "SPOT":"create.RING_Form.ring_prilocsection.SPOT",
            "PRILOC_PNO":"create.RING_Form.ring_prilocsection.PRILOC_PNO",
            "OTC":"create.RING_Form.ring_prilocsection.OTC",
            "NID":"create.RING_Form.ring_prilocsection.NID"
         },
         "ring_seclocsection":{  
            "SECLOC":"create.RING_Form.ring_seclocsection.SECLOC",
            "SPOT":"create.RING_Form.ring_seclocsection.SPOT",
            "SECLOC_PNO":"create.RING_Form.ring_seclocsection.SECLOC_PNO"
         }
      },
      "WAL_Form":{  
         "WAL_circuitdetailsection":{  
            "NC":"create.WAL_Form.WAL_circuitdetailsection.NC",
            "SECNCI":"create.WAL_Form.WAL_circuitdetailsection.SECNCI",
            "S25":"create.WAL_Form.WAL_circuitdetailsection.S25",
            "SECLOC":"create.WAL_Form.WAL_circuitdetailsection.SECLOC"
         }
      },
      "CN_Form":{  
         "cn_adminsection":{  
            "AP_REP":"create.CN_Form.cn_adminsection.AP_REP",
            "AP_REP_TELNO":"create.CN_Form.cn_adminsection.AP_REP_TELNO",
            "CCNA":"create.CN_Form.cn_adminsection.CCNA",
            "EC_VER":"create.CN_Form.cn_adminsection.EC_VER",
            "ICSC":"create.CN_Form.cn_adminsection.ICSC",
            "INIT":"create.CN_Form.cn_adminsection.INIT",
            "NFR":"create.CN_Form.cn_adminsection.NFR",
            "PIA":"create.CN_Form.cn_adminsection.PIA",
            "PON":"create.CN_Form.cn_adminsection.PON",
            "RT":"create.CN_Form.cn_adminsection.RT",
            "SC":"create.CN_Form.cn_adminsection.SC",
            "VER":"create.CN_Form.cn_adminsection.VER"
         }
      }, "LOC_Form":{  
         "cfa_requestheader":{  
            "CCNA":"create.RequestHeader.CCNA",
            "STATE":"create.RequestHeader.STATE",
            "CC":"create.RequestHeader.CC",
            "ICSC":"create.RequestHeader.ICSC",
            "MESSAGE_ID":"create.RequestHeader.MESSAGE_ID"
         },
         "cfaRequestBody":{  
            "CITY":"create.RequestBody.LocationInquiry.Addr.CITY",
            "SANO":"create.RequestBody.LocationInquiry.Addr.SANO",
            "SASN":"create.RequestBody.LocationInquiry.Addr.SASN",
            "STATE":"create.RequestBody.LocationInquiry.Addr.STATE",
            "ZIP":"create.RequestBody.LocationInquiry.Addr.ZIP",
            "WKTEL":"create.RequestBody.LocationInquiry.WTN.WKTEL",
            "CITY":"create.RequestBody.LocationInquiry.WTN.CITY",
            "STATE":"create.RequestBody.LocationInquiry.WTN.STATE",
            "WKCID":"create.RequestBody.LocationInquiry.WCKT.WKCID",
            "NPANXX":"create.RequestBody.LocationInquiry.WCKT.NPANXX",
            "SWC":"create.RequestBody.LocationInquiry.WCKT.SWC"
         }
         },
         "SA_Form":{  
         "cfa_requestheader":{  
            "CCNA":"create.RequestHeader.CCNA",
            "STATE":"create.RequestHeader.STATE",
            "CC":"create.RequestHeader.CC",
            "ICSC":"create.RequestHeader.ICSC",
            "MESSAGE_ID":"create.RequestHeader.MESSAGE_ID"
         },
         "saRequestBody":{  
            "NC":"create.RequestBody.SvcAvailInquiry.NC",
            "NCI":"create.RequestBody.SvcAvailInquiry.NCI",
            "LOC1":"create.RequestBody.SvcAvailInquiry.LOC1"
         }
      },
      "CFA_Form":{
         "cfa_requestheader":{  
            "CCNA":"create.RequestHeader.CCNA",
            "STATE":"create.RequestHeader.STATE",
            "CC":"create.RequestHeader.CC",
            "ICSC":"create.RequestHeader.ICSC",
            "MESSAGE_ID":"create.RequestHeader.MESSAGE_ID"
         },
            "cfaRequestBody":{
               "FACDESG":"create.RequestBody.CFAInquiry.FACDESG",
               "FACTYPE":"create.RequestBody.CFAInquiry.FACTYPE",
               "LOCZ":"create.RequestBody.CFAInquiry.LOCZ",
               "LOCA":"create.RequestBody.CFAInquiry.LOCA"

            }
         },
      "CNR_Form":{  
         "cnr_adminsection":{  
            "AP_REP":"create.CNR_Form.cnr_adminsection.AP_REP",
            "AP_REP_TELNO":"create.CNR_Form.cnr_adminsection.AP_REP_TELNO",
            "INIT":"create.CNR_Form.cnr_adminsection.INIT"
         },
         "cnr_detailsection":{  
            "CNR_VER":"create.CNR_Form.cnr_detailsection.CNR_VER",
            "CNT":"create.CNR_Form.cnr_detailsection.CNT"
         }
      },
      "DLR_Form":{  
         "dlr_adminsection":{  
            "CO":"create.DLR_Form.dlr_adminsection.CO",
            "DD":"create.DLR_Form.dlr_adminsection.DD",
            "DLR":"create.DLR_Form.dlr_adminsection.DLR",
            "DSGCON":"create.DLR_Form.dlr_adminsection.DSGCON",
            "ECCKT":"create.DLR_Form.dlr_adminsection.ECCKT",
            "ECDSGCON":"create.DLR_Form.dlr_adminsection.ECDSGCON",
            "ECMCO":"create.DLR_Form.dlr_adminsection.ECMCO",
            "ECOCO":"create.DLR_Form.dlr_adminsection.ECOCO",
            "ECTEL":"create.DLR_Form.dlr_adminsection.ECTEL",
            "IC":"create.DLR_Form.dlr_adminsection.IC",
            "ISS":"create.DLR_Form.dlr_adminsection.ISS",
            "ISS_NO":"create.DLR_Form.dlr_adminsection.ISS_NO",
            "ORD":"create.DLR_Form.dlr_adminsection.ORD",
            "PTD":"create.DLR_Form.dlr_adminsection.PTD",
            "TEL":"create.DLR_Form.dlr_adminsection.TEL",
            "VER":"create.DLR_Form.dlr_adminsection.VER"
         },
         "dlr_designsection":{  
            "NC":"create.DLR_Form.dlr_designsection.NC"
         },
         "matrix":{  
            "EQPTYPE":"create.DLR_Form.dlr_designsection.matrix[matrix].EQPTYPE",
            "LOCN":"create.DLR_Form.dlr_designsection.matrix[matrix].LOCN",
            "FACTYPE":"create.DLR_Form.dlr_designsection.matrix[matrix].FACTYPE"
         }
      },
      "OB_Form":{  
         "ob_adminsection":{  
            "DTSENT":"create.OB_Form.ob_adminsection.DTSENT",
            "ORD":"create.OB_Form.ob_adminsection.ORD",
            "REP":"create.OB_Form.ob_adminsection.REP",
            "REP_TELNO":"create.OB_Form.ob_adminsection.REP_TELNO"
         },
         "openbillingsection":{  

         },
         "circuitdetail":{  
            "ECCKT":"create.OB_Form.openbillingsection.circuitdetail[circuitdetail].ECCKT"
         }
      }
   }
}