{
   "login_flow":{
      "login":{
         "step1":"click_event('css', '[ng-click=\"reset(login)\"]','async')",
         "step2":"populate_form('login_selector','login_data[0]')",
         "step3":"click_event('id', 'submit','async')"
      }
   },
   "logout_flow":{
      "logout":{
         "step1":"click_event('id','logout_btn', 'async')"
      }
   },
   "user_flow":{
      "search":{
         "step1":"navigation_screen('userMgmt_user')",
         "step2":"populate_form('user_search_selector','user_search_data[0]','async')",
         "step3":"expected_output('toEqual', 'element(by.repeater(\"user in userList\").row(0).column(\"USERNAME\")).getText()','TEST_ASR')"
      },
      "add":{
         "step1":"navigation_screen('userMgmt_user')",
         "step2":"click_event('css', '[ng-click=\"newUser()\"]')",
         "step3":"populate_form('user_selector','user_data[0]')",
         "step4":"click_event('model', 'saveUserDetail','async')",
         "step5":"expected_output('toEqual', 'element(by.repeater(\"user in userList\").row(0).column(\"USERNAME\")).getText()','TEST_ASR_001')"
      },
      "update":{
         "step1":"navigation_screen('userMgmt_user')"
      },
      "assign_role":{
         "step1":"navigation_screen('userMgmt_user')",
         "step2":"populate_form('user_search_selector','user_search_data[0]','async')",
         "step3":"click_row('repeater','user in userList', 0, 'USERNAME')",
         "step4":"click_event('id', 'assign_role_1', 'async')",
         "step5":"expected_output('toContain', 'element(by.id(\"assigned_role_1\")).getText()','ASSIGNED')"
      },
      "unassign_role":{
         "step1":"navigation_screen('userMgmt_user')",
         "step2":"populate_form('user_search_selector','user_search_data[0]','async')",
         "step3":"click_row('repeater','user in userList', 0, 'USERNAME')",
         "step4":"click_event('id', 'assigned_role_0', 'async')",
         "step5":"expected_output('toContain', 'element(by.id(\"assign_role_0\")).getText()','ASSIGN')"
      },
      "enable":{
         "step1":"navigation_screen('userMgmt_user')",
         "step2":"populate_form('user_search_selector','user_search_data[0]','async')",
         "step3":"click_row('repeater','user in userList', 0, 'ENABLED')",
         "step4":"expected_output('toEqual', 'element(by.repeater(\"user in userList\").row(0).column(\"ENABLED\")).getText()','1')"
      },
      "disable":{
         "step1":"navigation_screen('userMgmt_user')",
         "step2":"populate_form('user_search_selector','user_search_data[0]','async')",
         "step3":"click_row('repeater','user in userList', 0, 'ENABLED')",
         "step4":"expected_output('toEqual', 'element(by.repeater(\"user in userList\").row(0).column(\"ENABLED\")).getText()','0')"
      }
   },
   "role_flow":{
      "search":{
         "step1":"navigation_screen('roleMgmt_user')",
         "step2":"populate_form('role_search_selector','role_search_data[0]','async')",
         "step3":"expected_output('toEqual', 'element(by.repeater(\"role in roleList\").row(0).column(\"ROLENAME\")).getText()','TEST_ASR_ROLE')"
      },
      "add":{
         "step1":"navigation_screen('roleMgmt_user')",
         "step2":"click_event('css', '[ng-click=\"newRole()\"]')",
         "step3":"populate_form('role_selector','role_data[0]')",
         "step4":"click_event('model', 'saveRoleDetail','async')",
         "step5":"expected_output('toEqual', 'element(by.repeater(\"role in roleList\").row(0).column(\"ROLENAME\")).getText()','TEST_ROLE_001')"
      },
      "assign_subrole":{
         "step1":"navigation_screen('roleMgmt_user')",
         "step2":"populate_form('role_search_selector','role_search_data[0]','async')",
         "step3":"click_row('repeater','role in roleList', 0, 'ROLENAME')",
         "step4":"click_event('id', 'assign_subrole_1', 'async')",
         "step5":"expected_output('toContain', 'element(by.id(\"assigned_subrole_1\")).getText()','ASSIGNED')"
      },
      "unassign_subrole":{
         "step1":"navigation_screen('roleMgmt_user')",
         "step2":"populate_form('role_search_selector','role_search_data[0]','async')",
         "step3":"click_row('repeater','role in roleList', 0, 'ROLENAME')",
         "step4":"click_event('id', 'assigned_subrole_1', 'async')",
         "step5":"expected_output('toContain', 'element(by.id(\"assign_subrole_1\")).getText()','ASSIGN')"
      },
      "assign_permission":{
         "step1":"navigation_screen('roleMgmt_user')",
         "step2":"populate_form('role_search_selector','role_search_data[0]','async')",
         "step3":"click_row('repeater','role in roleList', 0, 'ROLENAME')",
         "step4":"click_event('id', 'assign_permission_1', 'async')",
         "step5":"expected_output('toContain', 'element(by.id(\"assigned_permission_1\")).getText()','ASSIGNED')"
      },
      "unassign_permission":{
         "step1":"navigation_screen('roleMgmt_user')",
         "step2":"populate_form('role_search_selector','role_search_data[0]','async')",
         "step3":"click_row('repeater','role in roleList', 0, 'ROLENAME')",
         "step4":"click_event('id', 'assigned_permission_1', 'async')",
         "step5":"expected_output('toContain', 'element(by.id(\"assign_permission_1\")).getText()','ASSIGN')"
      }
   },
   "search_preorder_flow":{
      "ASR_PreOrder_Serach_By_ICSC":{
         "step1":"navigation_screen('searchOrder')",
         "step2":"click_event('id','asrPreOrder','async')",
         "step3":"click_button('Search')",
         "step4":"populate_form('search_order_selector','search_by_icsc_data[1]','async')",      
         "step5":"click_event('css','button.btn.btn-primary','async')",
         "step6":"verifySearchResult('searchResultData in $data','SB01','async')"
      }
      },
   "search_order_flow":{
      "serachByPON":{
         "step1":"navigation_screen('searchOrder')",
         "step2":"click_event('id','asrSendOrder','async')",
         "step3":"populate_form('search_order_selector','search_by_pon_data[0]','async')",
         "step4":"click_event('css','button.btn.btn-primary','async')",	
         "step6":"verifySearchResult('searchResultData in $data','PON','data-title-text','AUTOASREU0336944','async')",
         "step7":"click_event('linkText','View','async')",
         "step8":"populate_form('order_history_selector','search_order_action_data[0]','async')",
         "step9":"click_event('css','[ng-click=\"getStatusDetail(orderSumData, orderSumFormData, $index, applyAction[$index], actionForm)\"]','async')",
         "step10":"populate_create_form('create_form_selector', 'create_form_data[0]','async')",
         "step11":"click_event('id', 'create_validate', 'async')",
         "step12":"click_event('id', 'create_submit', 'async')",
         "step13":"expected_output('toBeTruthy', 'element(by.id(\"errorsDiv\")).isDisplayed()','async')"
      },
      "serachByICSC":{
         "step1":"navigation_screen('searchOrder')",
         "step2":"click_event('id','asrSendOrder','async')",
         "step3":"populate_form('search_order_selector','search_by_icsc_data[1]','async')",
         "step4":"click_event('css','button.btn.btn-primary','async')",
         "step5":"navigation_screen('searchOrderResult')",
         "step6":"verifySearchResult('searchResultData in $data','IT00','async')"
      },
      "serachByOrderStatus":{
         "step1":"navigation_screen('searchOrder')",
         "step2":"click_event('id','asrSendOrder','async')",
         "step3":"populate_form('search_order_selector','search_by_order_status_data[0]','async')",
         "step4":"click_event('css','button.btn.btn-primary','async')",
         "step5":"navigation_screen('searchOrderResult')",
         "step6":"verifySearchResult('searchResultData in $data','Service Request','async')"
      },
      "serachByTradingPartner":{
         "step1":"navigation_screen('searchOrder')",
         "step2":"click_event('id','asrSendOrder','async')",
         "step3":"populate_form('search_order_selector','search_by_trading_partner_data[0]','async')",
         "step4":"click_event('css','button.btn.btn-primary','async')",
         "step5":"navigation_screen('searchOrderResult')",
         "step6":"verifySearchResult('searchResultData in $data','Caviller','async')"
      },
      "searchBYPONandICSC":{
         "step1":"navigation_screen('searchOrder')",
         "step2":"click_event('id','asrSendOrder','async')",
         "step3":"populate_form('search_order_selector','search_by_pon_and_icsc_data[0]','async')",
         "step4":"click_event('css','button.btn.btn-primary','async')",
         "step5":"navigation_screen('searchOrderResult')",
         "step6":"verifySearchResult('searchResultData in $data','03132015115344AM,AT01','async')"
      }
   },
   "create_order_flow":{
      "unieu":{
         "step1":"navigation_screen('createOrder')",
         "step2":"populate_form('create_popup_first_selector', 'create_popup_first_data[0]', 'async')",
         "step3":"click_event('css', '[ng-click=\"next()\"]','async')",
         "step5":"click_event('css', '[ng-click=\"create()\"]','async')",
         "step6":"open_required_form('create_form_selector', 'create_form_data[0]', 'async')",
         "step7":"populate_create_form('create_form_selector', 'create_form_data[0]', 'async')",
         "step8":"click_event('buttonText','SAVE','async')",
         "step9":"click_event('id', 'create_validate', 'async')",
         "step10":"click_event('id', 'create_submit', 'async')",
         "step11":"expected_output('toBeTruthy', 'element(by.id(\"errorsDiv\")).isDisplayed()','')"
         
      },
      "unieuevc":{
         "step1":"navigation_screen('createOrder')",
         "step2":"populate_form('create_popup_first_selector', 'create_popup_first_data[0]', 'async')",
         "step3":"click_event('css', '[ng-click=\"next()\"]','async')",
         "step5":"populate_form('create_popup_second_selector', 'create_popup_second_data[1]', 'async')",
         "step6":"click_event('css', '[ng-click=\"create()\"]','async')",
         "step7":"open_required_form('create_form_selector', 'create_form_data[1]', 'async')",
         "step8":"populate_create_form('create_form_selector', 'create_form_data[1]', 'async')",
         "step9":"click_event('id', 'create_validate', 'async')",
         "step10":"click_event('id', 'create_submit', 'async')",
         "step11":"expected_output('toBeTruthy', 'element(by.id(\"errorsDiv\")).isDisplayed()','')"
      },
      "uninnipop":{
         "step1":"navigation_screen('createOrder')",
         "step2":"populate_form('create_popup_first_selector', 'create_popup_first_data[0]', 'async')",
         "step3":"click_event('css', '[ng-click=\"next()\"]','async')",
         "step4":"populate_form('create_popup_second_selector', 'create_popup_second_data[2]', 'async')",
         "step5":"click_event('css', '[ng-click=\"create()\"]','async')",
         "step6":"open_required_form('create_form_selector', 'create_form_data[2]', 'async')",
         "step7":"populate_create_form('create_form_selector', 'create_form_data[2]', 'async')",
         "step8":"click_event('id', 'create_validate', 'async')",
         "step9":"click_event('id', 'create_submit', 'async')",
         "step10":"expected_output('toBeTruthy', 'element(by.id(\"errorsDiv\")).isDisplayed()','')"
      },
      "uninnipopevc":{
         "step1":"navigation_screen('createOrder')",
         "step2":"populate_form('create_popup_first_selector', 'create_popup_first_data[0]', 'async')",
         "step3":"click_event('css', '[ng-click=\"next()\"]','async')",
         "step4":"populate_form('create_popup_second_selector', 'create_popup_second_data[3]', 'async')",
         "step5":"click_event('css', '[ng-click=\"create()\"]','async')",
         "step6":"open_required_form('create_form_selector', 'create_form_data[3]', 'async')",
         "step7":"populate_create_form('create_form_selector', 'create_form_data[3]', 'async')",
         "step8":"click_event('id', 'create_validate', 'async')",
         "step9":"click_event('id', 'create_submit', 'async')",
         "step10":"expected_output('toBeTruthy', 'element(by.id(\"errorsDiv\")).isDisplayed()','')"
      },
      "evcStandalone":{
         "step1":"navigation_screen('createOrder')",
         "step2":"populate_form('create_popup_first_selector', 'create_popup_first_data[1]', 'async')",
         "step3":"click_event('css', '[ng-click=\"next()\"]','async')",
         "step4":"populate_form('create_popup_second_selector', 'create_popup_second_data[4]', 'async')",
         "step5":"click_event('css', '[ng-click=\"create()\"]','async')",
         "step6":"populate_create_form('create_form_selector', 'create_form_data[4]', 'async')",
         "step7":"click_event('id', 'create_validate', 'async')",
         "step8":"click_event('id', 'create_submit', 'async')",
         "step9":"expected_output('toBeTruthy', 'element(by.id(\"errorsDiv\")).isDisplayed()','')"
      },
      "transport_s":{
         "step1":"navigation_screen('createOrder')",
         "step2":"populate_form('create_popup_first_selector', 'create_popup_first_data[3]', 'async')",
         "step3":"click_event('css', '[ng-click=\"next()\"]','async')",
         "step4":"populate_form('create_popup_second_selector', 'create_popup_second_data[6]', 'async')",
         "step5":"click_event('css', '[ng-click=\"create()\"]','async')",
         "step6":"populate_create_form('create_form_selector', 'create_form_data[7]', 'async')",
         "step7":"click_event('id', 'create_validate', 'async')",
         "step8":"click_event('id', 'create_submit', 'async')",
         "step9":"expected_output('toBeTruthy', 'element(by.id(\"errorsDiv\")).isDisplayed()','')"
      },
      "transport_e":{
         "step1":"navigation_screen('createOrder')",
         "step2":"populate_form('create_popup_first_selector', 'create_popup_first_data[2]', 'async')",
         "step3":"click_event('css', '[ng-click=\"next()\"]','async')",
         "step4":"populate_form('create_popup_second_selector', 'create_popup_second_data[6]', 'async')",
         "step5":"click_event('css', '[ng-click=\"create()\"]','async')",
         "step6":"populate_create_form('create_form_selector', 'create_form_data[11]', 'async')",
         "step7":"click_event('id', 'create_validate', 'async')",
         "step8":"click_event('id', 'create_submit', 'async')",
         "step9":"expected_output('toBeTruthy', 'element(by.id(\"errorsDiv\")).isDisplayed()','')"
      },
      "trunking":{
         "step1":"navigation_screen('createOrder')",
         "step2":"populate_form('create_popup_first_selector', 'create_popup_first_data[4]', 'async')",
         "step3":"click_event('css', '[ng-click=\"next()\"]','async')",
         "step4":"populate_form('create_popup_second_selector', 'create_popup_second_data[5]', 'async')",
         "step5":"click_event('css', '[ng-click=\"create()\"]','async')",
         "step6":"populate_create_form('create_form_selector', 'create_form_data[5]', 'async')",
         "step7":"click_event('id', 'create_validate', 'async')",
         "step8":"click_event('id', 'create_submit', 'async')",
         "step9":"expected_output('toBeTruthy', 'element(by.id(\"errorsDiv\")).isDisplayed()','')"
      },
      "virtualConnection":{
         "step1":"navigation_screen('createOrder')",
         "step2":"populate_form('create_popup_first_selector', 'create_popup_first_data[5]', 'async')",
         "step3":"click_event('css', '[ng-click=\"next()\"]','async')",
         "step4":"populate_form('create_popup_second_selector', 'create_popup_second_data[7]', 'async')",
         "step5":"click_event('css', '[ng-click=\"create()\"]','async')",
         "step6":"populate_create_form('create_form_selector', 'create_form_data[3]', 'async')",
         "step7":"click_event('id', 'create_validate', 'async')",
         "step8":"click_event('id', 'create_submit', 'async')",
         "step9":"expected_output('toBeTruthy', 'element(by.id(\"errorsDiv\")).isDisplayed()','')"
      },
      "ringService":{
         "step1":"navigation_screen('createOrder')",
         "step2":"populate_form('create_popup_first_selector', 'create_popup_first_data[6]', 'async')",
         "step3":"click_event('css', '[ng-click=\"next()\"]','async')",
         "step4":"click_event('css', '[ng-click=\"create()\"]','async')",
         "step5":"populate_create_form('create_form_selector', 'create_form_data[6]', 'async')",
         "step6":"click_event('buttonText','SAVE','async')",
         "step7":"click_event('id', 'create_validate', 'async')",
         "step8":"click_event('id', 'create_submit', 'async')",
         "step9":"expected_output('toBeTruthy', 'element(by.id(\"errorsDiv\")).isDisplayed()','')"
      },
      "featureGroupA":{
         "step1":"navigation_screen('createOrder')",
         "step2":"populate_form('create_popup_first_selector', 'create_popup_first_data[7]', 'async')",
         "step3":"click_event('css', '[ng-click=\"next()\"]','async')",
         "step4":"populate_form('create_popup_second_selector', 'create_popup_second_data[7]', 'async')",
         "step5":"click_event('css', '[ng-click=\"create()\"]','async')",
         "step6":"populate_create_form('create_form_selector', 'create_form_data[8]', 'async')",
         "step7":"click_event('id', 'create_validate', 'async')",
         "step8":"click_event('id', 'create_submit', 'async')",
         "step9":"expected_output('toBeTruthy', 'element(by.id(\"errorsDiv\")).isDisplayed()','')"
      },
      "watsAccessLines":{
         "step1":"navigation_screen('createOrder')",
         "step2":"populate_form('create_popup_first_selector', 'create_popup_first_data[8]', 'async')",
         "step3":"click_event('css', '[ng-click=\"next()\"]','async')",
         "step4":"click_event('css', '[ng-click=\"create()\"]','async')",
         "step5":"open_required_form('create_form_selector', 'create_form_data[9]', 'async')",
         "step6":"populate_create_form('create_form_selector', 'create_form_data[9]', 'async')",
         "step7":"click_event('id', 'create_validate', 'async')",
         "step8":"click_event('id', 'create_submit', 'async')",
         "step9":"expected_output('toBeTruthy', 'element(by.id(\"errorsDiv\")).isDisplayed()','')"
      },
      "pvc_standalone":{
         "step1":"navigation_screen('createOrder')",
         "step2":"populate_form('create_popup_first_selector', 'create_popup_first_data[12]', 'async')",
         "step3":"click_event('css', '[ng-click=\"next()\"]','async')",
         "step4":"click_event('css', '[ng-click=\"create()\"]','async')",
         "step5":"populate_create_form('create_form_selector', 'create_form_data[12]', 'async')",
         "step6":"click_event('id','ASR_Form_tab','async')",
         "step8":"click_event('id', 'create_validate', 'async')",
         "step9":"click_event('id', 'create_submit', 'async')",
         "step10":"expected_output('toBeTruthy', 'element(by.id(\"errorsDiv\")).isDisplayed()','')"
      },
      "dis":{
          "step1":"navigation_screen('createOrder')",
         "step2":"populate_form('create_popup_first_selector', 'create_popup_first_data[13]', 'async')",
         "step3":"click_event('css', '[ng-click=\"next()\"]','async')",
         "step5":"click_event('css', '[ng-click=\"create()\"]','async')",
         "step6":"populate_create_form('create_form_selector', 'create_form_data[13]', 'async')",
         "step7":"click_event('id', 'create_validate', 'async')",
         "step8":"click_event('id', 'create_submit', 'async')",
         "step9":"expected_output('toBeTruthy', 'element(by.id(\"errorsDiv\")).isDisplayed()','')"

      }
   },
   "supplement_order_flow":{
      "edit_unieu":{
         "step1":"navigation_screen('createOrder')",
         "step2":"populate_form('create_popup_first_selector', 'create_popup_first_data[0]', 'async')",
         "step3":"click_event('css', '[ng-click=\"next()\"]','async')",
         "step4":"populate_form('create_popup_second_selector', 'create_popup_second_data[0]', 'async')",
         "step5":"click_event('css', '[ng-click=\"create()\"]','async')",
         "step6":"open_required_form('create_form_selector', 'create_form_data[0]', 'async')",
         "step7":"populate_create_form('create_form_selector', 'create_form_data[0]', 'async')",
         "step8":"click_event('buttonText','SAVE','async')",
         "step9":"click_event('id', 'create_validate', 'async')",
         "step10":"click_event('id', 'create_submit', 'async')",
         "step11":"expected_output('toBeTruthy', 'element(by.id(\"errorsDiv\")).isDisplayed()','')",
         "step12":"navigation_screen('searchOrder')",
         "step13":"click_event('id','asrSendOrder','async')",
         "step14":"populate_form('search_order_selector','search_by_pon_data[1]','async','supplement')",
         "step15":"click_event('css','button.btn.btn-primary','async')",
         "step16":"verifySearchResult('searchResultData in $data','PON','data-title-text','CHPON06637472992','async')",
         "step17":"click_event('linkText','View','async')",
         "step18":"select('0')",
         "step20":"click_event('css','[ng-click=\"getStatusDetail(orderSumData, orderSumFormData, $index, applyAction[$index], actionForm)\"]','async')",
         "step21":"click_event('buttonText','YES','async')",
         "step22":"populate_create_form('create_form_selector', 'supplement_form_data[0]','async')",
         "step23":"click_event('id', 'create_validate', 'async')",
         "step24":"click_event('id', 'create_submit', 'async')",
         "step25":"expected_output('toBeTruthy', 'element(by.id(\"errorsDiv\")).isDisplayed()','async')"
      },
      "edit_unieuevc":{
         "step1":"navigation_screen('createOrder')",
         "step2":"populate_form('create_popup_first_selector', 'create_popup_first_data[0]', 'async')",
         "step3":"click_event('css', '[ng-click=\"next()\"]','async')",
         "step4":"populate_form('create_popup_second_selector', 'create_popup_second_data[1]', 'async')",
         "step5":"click_event('css', '[ng-click=\"create()\"]','async')",
         "step7":"populate_create_form('create_form_selector', 'create_form_data[1]', 'async')",
         "step9":"click_event('buttonText','SAVE','async')",
         "step10":"click_event('id', 'create_validate', 'async')",
         "step11":"click_event('id', 'create_submit', 'async')",
         "step12":"navigation_screen('searchOrder')",
         "step13":"click_event('id','asrSendOrder','async')",
         "step14":"populate_form('search_order_selector','search_by_pon_data[1]','async','supplement')",
         "step15":"click_event('css','button.btn.btn-primary','async')",
         "step16":"verifySearchResult('searchResultData in $data','PON','data-title-text','CHPON06637472992','async')",
         "step17":"click_event('linkText','View','async')",
         "step18":"select('0')",
         "step19":"click_event('css','[ng-click=\"getStatusDetail(orderSumData, orderSumFormData, $index, applyAction[$index], actionForm)\"]','async')",
         "step20":"click_event('buttonText','YES','async')",
         "step21":"populate_create_form('create_form_selector', 'supplement_form_data[0]','async')",
         "step22":"click_event('buttonText','SAVE','async')",
         "step23":"click_event('id', 'create_validate', 'async')",
         "step24":"click_event('id', 'create_submit', 'async')",
         "step25":"expected_output('toBeTruthy', 'element(by.id(\"errorsDiv\")).isDisplayed()','async')"
      },
      "edit_uninnipop":{
         "step1":"navigation_screen('createOrder')",
         "step2":"populate_form('create_popup_first_selector', 'create_popup_first_data[0]', 'async')",
         "step3":"click_event('css', '[ng-click=\"next()\"]','async')",
         "step4":"populate_form('create_popup_second_selector', 'create_popup_second_data[2]', 'async')",
         "step5":"click_event('css', '[ng-click=\"create()\"]','async')",
         "step6":"open_required_form('create_form_selector', 'create_form_data[2]', 'async')",
         "step7":"populate_create_form('create_form_selector', 'create_form_data[2]', 'async')",
         "step8":"click_event('buttonText','SAVE','async')",
         "step9":"click_event('id', 'create_validate', 'async')",
         "step10":"click_event('id', 'create_submit', 'async')",
         "step11":"expected_output('toBeTruthy', 'element(by.id(\"errorsDiv\")).isDisplayed()','')",
         "step12":"navigation_screen('searchOrder')",
         "step13":"click_event('id','asrSendOrder','async')",
         "step14":"populate_form('search_order_selector','search_by_pon_data[1]','async','supplement')",
         "step15":"click_event('css','button.btn.btn-primary','async')",
         "step16":"verifySearchResult('searchResultData in $data','PON','data-title-text','CHPON06637472992','async')",
         "step17":"click_event('linkText','View','async')",
         "step18":"select('0')",
         "step19":"click_event('css','[ng-click=\"getStatusDetail(orderSumData, orderSumFormData, $index, applyAction[$index], actionForm)\"]','async')",
         "step20":"click_event('buttonText','YES','async')",
         "step21":"populate_create_form('create_form_selector', 'supplement_form_data[0]','async')",
         "step22":"click_event('buttonText','SAVE','async')",
         "step23":"click_event('id', 'create_validate', 'async')",
         "step24":"click_event('id', 'create_submit', 'async')",
         "step25":"expected_output('toBeTruthy', 'element(by.id(\"errorsDiv\")).isDisplayed()','async')"
      },
      "edit_uninnipopevc":{
         "step1":"navigation_screen('createOrder')",
         "step2":"populate_form('create_popup_first_selector', 'create_popup_first_data[0]', 'async')",
         "step3":"click_event('css', '[ng-click=\"next()\"]','async')",
         "step4":"populate_form('create_popup_second_selector', 'create_popup_second_data[3]', 'async')",
         "step5":"click_event('css', '[ng-click=\"create()\"]','async')",
         "step6":"open_required_form('create_form_selector', 'create_form_data[3]', 'async')",
         "step7":"populate_create_form('create_form_selector', 'create_form_data[3]', 'async')",
         "step8":"click_event('buttonText','SAVE','async')",
         "step9":"click_event('id', 'create_validate', 'async')",
         "step10":"click_event('id', 'create_submit', 'async')",
         "step11":"expected_output('toBeTruthy', 'element(by.id(\"errorsDiv\")).isDisplayed()','')",
         "step12":"navigation_screen('searchOrder')",
         "step13":"click_event('id','asrSendOrder','async')",
         "step14":"populate_form('search_order_selector','search_by_pon_data[1]','async','supplement')",
         "step15":"click_event('css','button.btn.btn-primary','async')",
         "step16":"verifySearchResult('searchResultData in $data','PON','data-title-text','CHPON06637472992','async')",
         "step17":"click_event('linkText','View','async')",
         "step18":"select('0')",
         "step19":"click_event('css','[ng-click=\"getStatusDetail(orderSumData, orderSumFormData, $index, applyAction[$index], actionForm)\"]','async')",
         "step20":"click_event('buttonText','YES','async')",
         "step21":"populate_create_form('create_form_selector', 'supplement_form_data[0]','async')",
         "step22":"click_event('buttonText','SAVE','async')",
         "step23":"click_event('id', 'create_validate', 'async')",
         "step24":"click_event('id', 'create_submit', 'async')",
         "step25":"expected_output('toBeTruthy', 'element(by.id(\"errorsDiv\")).isDisplayed()','async')"
      },
      "edit_evcStandalone":{
         "step1":"navigation_screen('createOrder')",
         "step2":"populate_form('create_popup_first_selector', 'create_popup_first_data[1]', 'async')",
         "step3":"click_event('css', '[ng-click=\"next()\"]','async')",
         "step4":"populate_form('create_popup_second_selector', 'create_popup_second_data[4]', 'async')",
         "step5":"click_event('css', '[ng-click=\"create()\"]','async')",
         "step6":"populate_create_form('create_form_selector', 'create_form_data[4]', 'async')",
         "step7":"click_event('buttonText','SAVE','async')",
         "step8":"click_event('id', 'create_validate', 'async')",
         "step9":"click_event('id', 'create_submit', 'async')",
         "step10":"navigation_screen('searchOrder')",
         "step11":"click_event('id','asrSendOrder','async')",
         "step12":"populate_form('search_order_selector','search_by_pon_data[1]','async','supplement')",
         "step13":"click_event('css','button.btn.btn-primary','async')",
         "step14":"verifySearchResult('searchResultData in $data','PON','data-title-text','CHPON06637472992','async')",
         "step15":"click_event('linkText','View','async')",
         "step16":"select('0')",
         "step17":"click_event('css','[ng-click=\"getStatusDetail(orderSumData, orderSumFormData, $index, applyAction[$index], actionForm)\"]','async')",
         "step18":"click_event('buttonText','YES','async')",
         "step19":"populate_create_form('create_form_selector', 'supplement_form_data[0]','async')",
         "step20":"click_event('buttonText','SAVE','async')",
         "step21":"click_event('id', 'create_validate', 'async')",
         "step22":"click_event('id', 'create_submit', 'async')",
         "step23":"expected_output('toBeTruthy', 'element(by.id(\"errorsDiv\")).isDisplayed()','async')"
      },
      "edit_trunking":{
         "step1":"navigation_screen('createOrder')",
         "step2":"populate_form('create_popup_first_selector', 'create_popup_first_data[4]', 'async')",
         "step3":"click_event('css', '[ng-click=\"next()\"]','async')",
         "step4":"populate_form('create_popup_second_selector', 'create_popup_second_data[5]', 'async')",
         "step5":"click_event('css', '[ng-click=\"create()\"]','async')",
         "step6":"populate_create_form('create_form_selector', 'create_form_data[5]', 'async')",
         "step7":"click_event('id', 'create_validate', 'async')",
         "step8":"click_event('id', 'create_submit', 'async')",
         "step10":"navigation_screen('searchOrder')",
         "step11":"click_event('id','asrSendOrder','async')",
         "step12":"populate_form('search_order_selector','search_by_pon_data[0]','async','supplement')",
         "step13":"click_event('css','button.btn.btn-primary','async')",
         "step14":"verifySearchResult('searchResultData in $data','PON','data-title-text','CHPON06637472992','async')",
         "step15":"click_event('linkText','View','async')",
         "step16":"select('0')",
         "step17":"click_event('css','[ng-click=\"getStatusDetail(orderSumData, orderSumFormData, $index, applyAction[$index], actionForm)\"]','async')",
         "step18":"click_event('buttonText','YES','async')",
         "step19":"populate_create_form('create_form_selector', 'supplement_form_data[0]','async')",
         "step20":"click_event('id', 'create_validate', 'async')",
         "step21":"click_event('id', 'create_submit', 'async')",
         "step22":"expected_output('toBeTruthy', 'element(by.id(\"errorsDiv\")).isDisplayed()','async')"
      },
      "edit_transport_s":{
         "step1":"navigation_screen('createOrder')",
         "step2":"populate_form('create_popup_first_selector', 'create_popup_first_data[3]', 'async')",
         "step3":"click_event('css', '[ng-click=\"next()\"]','async')",
         "step5":"click_event('css', '[ng-click=\"create()\"]','async')",
         "step6":"populate_create_form('create_form_selector', 'create_form_data[7]', 'async')",
         "step7":"click_event('id', 'create_validate', 'async')",
         "step8":"click_event('id', 'create_submit', 'async')",
         "step9":"expected_output('toBeTruthy', 'element(by.id(\"errorsDiv\")).isDisplayed()','')",
         "step10":"navigation_screen('searchOrder')",
         "step11":"click_event('id','asrSendOrder','async')",
         "step12":"populate_form('search_order_selector','search_by_pon_data[1]','async','supplement')",
         "step13":"click_event('css','button.btn.btn-primary','async')",
         "step14":"verifySearchResult('searchResultData in $data','PON','data-title-text','CHPON06637472992','async')",
         "step15":"click_event('linkText','View','async')",
         "step16":"select('0')",
         "step17":"click_event('css','[ng-click=\"getStatusDetail(orderSumData, orderSumFormData, $index, applyAction[$index], actionForm)\"]','async')",
         "step18":"click_event('buttonText','YES','async')",
         "step20":"populate_create_form('create_form_selector', 'supplement_form_data[0]','async')",
         "step21":"click_event('id', 'create_validate', 'async')",
         "step22":"click_event('id', 'create_submit', 'async')",
         "step23":"expected_output('toBeTruthy', 'element(by.id(\"errorsDiv\")).isDisplayed()','async')"
      },
      "edit_ringService":{
         "step1":"navigation_screen('createOrder')",
         "step2":"populate_form('create_popup_first_selector', 'create_popup_first_data[6]', 'async')",
         "step3":"click_event('css', '[ng-click=\"next()\"]','async')",
         "step4":"click_event('css', '[ng-click=\"create()\"]','async')",
         "step5":"populate_create_form('create_form_selector', 'create_form_data[6]', 'async')",
         "step6":"click_event('buttonText','SAVE','async')",
         "step7":"click_event('id', 'create_validate', 'async')",
         "step8":"click_event('id', 'create_submit', 'async')",
         "step9":"navigation_screen('searchOrder')",
         "step10":"click_event('id','asrSendOrder','async')",
         "step11":"populate_form('search_order_selector','search_by_pon_data[1]','async','supplement')",
         "step12":"click_event('css','button.btn.btn-primary','async')",
         "step13":"verifySearchResult('searchResultData in $data','PON','data-title-text','CHPON06637472992','async')",
         "step14":"click_event('linkText','View','async')",
         "step15":"select('0')",
         "step16":"click_event('css','[ng-click=\"getStatusDetail(orderSumData, orderSumFormData, $index, applyAction[$index], actionForm)\"]','async')",
         "step17":"click_event('buttonText','YES','async')",
         "step18":"populate_create_form('create_form_selector', 'supplement_form_data[0]','async')",
         "step19":"click_event('buttonText','SAVE','async')",
         "step20":"click_event('id', 'create_validate', 'async')",
         "step21":"click_event('id', 'create_submit', 'async')",
         "step22":"expected_output('toBeTruthy', 'element(by.id(\"errorsDiv\")).isDisplayed()','async')"
      },
      "edit_featureGroupA":{
         "step1":"navigation_screen('createOrder')",
         "step2":"populate_form('create_popup_first_selector', 'create_popup_first_data[7]', 'async')",
         "step3":"click_event('css', '[ng-click=\"next()\"]','async')",
         "step4":"click_event('css', '[ng-click=\"create()\"]','async')",
         "step5":"open_required_form('create_form_selector', 'create_form_data[0]', 'async')",
         "step6":"populate_create_form('create_form_selector', 'create_form_data[8]', 'async')",
         "step7":"click_event('buttonText','SAVE','async')",
         "step8":"click_event('id', 'create_validate', 'async')",
         "step9":"click_event('id', 'create_submit', 'async')",
         "step10":"navigation_screen('searchOrder')",
         "step11":"click_event('id','asrSendOrder','async')",
         "step12":"populate_form('search_order_selector','search_by_pon_data[1]','async','supplement')",
         "step13":"click_event('css','button.btn.btn-primary','async')",
         "step14":"verifySearchResult('searchResultData in $data','PON','data-title-text','CHPON06637472992','async')",
         "step15":"click_event('linkText','View','async')",
         "step16":"select('0')",
         "step17":"click_event('css','[ng-click=\"getStatusDetail(orderSumData, orderSumFormData, $index, applyAction[$index], actionForm)\"]','async')",
         "step18":"click_event('buttonText','YES','async')",
         "step19":"populate_create_form('create_form_selector', 'supplement_form_data[0]','async')",
         "step20":"click_event('buttonText','SAVE','async')",
         "step21":"click_event('id', 'create_validate', 'async')",
         "step22":"click_event('id', 'create_submit', 'async')",
         "step23":"expected_output('toBeTruthy', 'element(by.id(\"errorsDiv\")).isDisplayed()','async')"
      },
      "edit_watsAccessLines":{
         "step1":"navigation_screen('createOrder')",
         "step2":"populate_form('create_popup_first_selector', 'create_popup_first_data[8]', 'async')",
         "step3":"click_event('css', '[ng-click=\"next()\"]','async')",
         "step5":"click_event('css', '[ng-click=\"create()\"]','async')",
         "step6":"open_required_form('create_form_selector', 'create_form_data[9]', 'async')",
         "step7":"populate_create_form('create_form_selector', 'create_form_data[9]', 'async')",
         "step8":"click_event('buttonText','SAVE','async')",
         "step9":"click_event('id', 'create_validate', 'async')",
         "step10":"click_event('id', 'create_submit', 'async')",
         "step11":"navigation_screen('searchOrder')",
         "step12":"click_event('id','asrSendOrder','async')",
         "step13":"populate_form('search_order_selector','search_by_pon_data[1]','async','supplement')",
         "step14":"click_event('css','button.btn.btn-primary','async')",
         "step15":"verifySearchResult('searchResultData in $data','PON','data-title-text','CHPON06637472992','async')",
         "step16":"click_event('linkText','View','async')",
         "step17":"select('0')",
         "step18":"click_event('css','[ng-click=\"getStatusDetail(orderSumData, orderSumFormData, $index, applyAction[$index], actionForm)\"]','async')",
         "step19":"click_event('buttonText','YES','async')",
         "step20":"populate_create_form('create_form_selector', 'supplement_form_data[0]','async')",
         "step21":"click_event('buttonText','SAVE','async')",
         "step22":"click_event('id', 'create_validate', 'async')",
         "step23":"click_event('id', 'create_submit', 'async')",
         "step24":"expected_output('toBeTruthy', 'element(by.id(\"errorsDiv\")).isDisplayed()','async')"
      },
       "edit_dis":{
          "step1":"navigation_screen('createOrder')",
         "step2":"populate_form('create_popup_first_selector', 'create_popup_first_data[13]', 'async')",
         "step3":"click_event('css', '[ng-click=\"next()\"]','async')",
         "step5":"click_event('css', '[ng-click=\"create()\"]','async')",
         "step6":"populate_create_form('create_form_selector', 'create_form_data[13]', 'async')",
         "step7":"click_event('id', 'create_validate', 'async')",
         "step8":"click_event('id', 'create_submit', 'async')",
         "step9":"expected_output('toBeTruthy', 'element(by.id(\"errorsDiv\")).isDisplayed()','')",
         "step10":"navigation_screen('searchOrder')",
         "step11":"click_event('id','asrSendOrder','async')",
         "step12":"populate_form('search_order_selector','search_by_pon_data[1]','async','supplement')",
         "step13":"click_event('css','button.btn.btn-primary','async')",
         "step14":"verifySearchResult('searchResultData in $data','PON','data-title-text','CHPON06637472992','async')",
         "step15":"click_event('linkText','View','async')",
         "step17":"click_event('css','[ng-click=\"getStatusDetail(orderSumData, orderSumFormData, $index, applyAction[$index], actionForm)\"]','async')",
         "step18":"click_event('buttonText','YES','async')",
         "step19":"populate_create_form('create_form_selector', 'supplement_form_data[0]','async')",
         "step20":"click_event('buttonText','SAVE','async')",
         "step21":"click_event('id', 'create_validate', 'async')",
         "step22":"click_event('id', 'create_submit', 'async')",
         "step23":"expected_output('toBeTruthy', 'element(by.id(\"errorsDiv\")).isDisplayed()','async')"
      },
       "edit_pvc":{
           "step1":"navigation_screen('createOrder')",
         "step2":"populate_form('create_popup_first_selector', 'create_popup_first_data[12]', 'async')",
         "step3":"click_event('css', '[ng-click=\"next()\"]','async')",
         "step4":"click_event('css', '[ng-click=\"create()\"]','async')",
         "step5":"populate_create_form('create_form_selector', 'create_form_data[12]', 'async')",
         "step6":"click_event('id','ASR_Form_tab','async')",
         "step8":"click_event('id', 'create_validate', 'async')",
         "step9":"click_event('id', 'create_submit', 'async')",
         "step10":"expected_output('toBeTruthy', 'element(by.id(\"errorsDiv\")).isDisplayed()','')",
         "step10":"navigation_screen('searchOrder')",
         "step11":"click_event('id','asrSendOrder','async')",
         "step12":"populate_form('search_order_selector','search_by_pon_data[1]','async','supplement')",
         "step13":"click_event('css','button.btn.btn-primary','async')",
         "step14":"verifySearchResult('searchResultData in $data','PON','data-title-text','CHPON06637472992','async')",
         "step15":"click_event('linkText','View','async')",
         "step17":"click_event('css','[ng-click=\"getStatusDetail(orderSumData, orderSumFormData, $index, applyAction[$index], actionForm)\"]','async')",
         "step18":"click_event('buttonText','YES','async')",
         "step19":"populate_create_form('create_form_selector', 'supplement_form_data[0]','async')",
         "step20":"click_event('buttonText','SAVE','async')",
         "step21":"click_event('id', 'create_validate', 'async')",
         "step22":"click_event('id', 'create_submit', 'async')",
         "step23":"expected_output('toBeTruthy', 'element(by.id(\"errorsDiv\")).isDisplayed()','async')"
      }

   },
   "clone_order_flow":{
      "clone_unieu":{
         "step1":"navigation_screen('createOrder')",
         "step2":"populate_form('create_popup_first_selector', 'create_popup_first_data[0]', 'async')",
         "step3":"click_event('css', '[ng-click=\"next()\"]','async')",
         "step4":"populate_form('create_popup_second_selector', 'create_popup_second_data[0]', 'async')",
         "step5":"click_event('css', '[ng-click=\"create()\"]','async')",
         "step6":"open_required_form('create_form_selector', 'create_form_data[0]', 'async')",
         "step7":"populate_create_form('create_form_selector', 'create_form_data[0]', 'async')",
         "step8":"click_event('buttonText','SAVE','async')",
         "step9":"click_event('id', 'create_validate', 'async')",
         "step10":"click_event('id', 'create_submit', 'async')",
         "step11":"expected_output('toBeTruthy', 'element(by.id(\"errorsDiv\")).isDisplayed()','')",
         "step12":"navigation_screen('searchOrder')",
         "step13":"click_event('id','asrSendOrder','async')",
         "step14":"populate_form('search_order_selector','search_by_pon_data[1]','async','supplement')",
         "step15":"click_event('css','button.btn.btn-primary','async')",
         "step16":"verifySearchResult('searchResultData in $data','PON','data-title-text','CHPON06637472992','async')",
         "step17":"click_event('linkText','View','async')",
         "step18":"select('1')",
         "step20":"click_event('css','[ng-click=\"getStatusDetail(orderSumData, orderSumFormData, $index, applyAction[$index], actionForm)\"]','async')",
         "step21":"click_event('buttonText','YES','async')",
         "step22":"populate_create_form('create_form_selector', 'clone_form_data[0]','async')",
         "step23":"click_event('id', 'create_validate', 'async')",
         "step24":"click_event('id', 'create_submit', 'async')",
         "step25":"expected_output('toBeTruthy', 'element(by.id(\"errorsDiv\")).isDisplayed()','async')"
      },
      "clone_unieuevc":{
         "step1":"navigation_screen('createOrder')",
         "step2":"populate_form('create_popup_first_selector', 'create_popup_first_data[0]', 'async')",
         "step3":"click_event('css', '[ng-click=\"next()\"]','async')",
         "step4":"populate_form('create_popup_second_selector', 'create_popup_second_data[1]', 'async')",
         "step5":"click_event('css', '[ng-click=\"create()\"]','async')",
         "step7":"populate_create_form('create_form_selector', 'create_form_data[1]', 'async')",
         "step9":"click_event('buttonText','SAVE','async')",
         "step10":"click_event('id', 'create_validate', 'async')",
         "step11":"click_event('id', 'create_submit', 'async')",
         "step12":"navigation_screen('searchOrder')",
         "step13":"click_event('id','asrSendOrder','async')",
         "step14":"populate_form('search_order_selector','search_by_pon_data[1]','async','supplement')",
         "step15":"click_event('css','button.btn.btn-primary','async')",
         "step16":"verifySearchResult('searchResultData in $data','PON','data-title-text','CHPON06637472992','async')",
         "step17":"click_event('linkText','View','async')",
         "step18":"select('1')",
         "step19":"click_event('css','[ng-click=\"getStatusDetail(orderSumData, orderSumFormData, $index, applyAction[$index], actionForm)\"]','async')",
         "step20":"click_event('buttonText','YES','async')",
         "step21":"populate_create_form('create_form_selector', 'clone_form_data[0]','async')",
         "step22":"click_event('buttonText','SAVE','async')",
         "step23":"click_event('id', 'create_validate', 'async')",
         "step24":"click_event('id', 'create_submit', 'async')",
         "step25":"expected_output('toBeTruthy', 'element(by.id(\"errorsDiv\")).isDisplayed()','async')"
      },
      "clone_uninnipop":{
         "step1":"navigation_screen('createOrder')",
         "step2":"populate_form('create_popup_first_selector', 'create_popup_first_data[0]', 'async')",
         "step3":"click_event('css', '[ng-click=\"next()\"]','async')",
         "step4":"populate_form('create_popup_second_selector', 'create_popup_second_data[2]', 'async')",
         "step5":"click_event('css', '[ng-click=\"create()\"]','async')",
         "step6":"open_required_form('create_form_selector', 'create_form_data[2]', 'async')",
         "step7":"populate_create_form('create_form_selector', 'create_form_data[2]', 'async')",
         "step8":"click_event('buttonText','SAVE','async')",
         "step9":"click_event('id', 'create_validate', 'async')",
         "step10":"click_event('id', 'create_submit', 'async')",
         "step11":"expected_output('toBeTruthy', 'element(by.id(\"errorsDiv\")).isDisplayed()','')",
         "step12":"navigation_screen('searchOrder')",
         "step13":"click_event('id','asrSendOrder','async')",
         "step14":"populate_form('search_order_selector','search_by_pon_data[1]','async','supplement')",
         "step15":"click_event('css','button.btn.btn-primary','async')",
         "step16":"verifySearchResult('searchResultData in $data','PON','data-title-text','CHPON06637472992','async')",
         "step17":"click_event('linkText','View','async')",
         "step18":"select('1')",
         "step19":"click_event('css','[ng-click=\"getStatusDetail(orderSumData, orderSumFormData, $index, applyAction[$index], actionForm)\"]','async')",
         "step20":"click_event('buttonText','YES','async')",
         "step21":"populate_create_form('create_form_selector', 'clone_form_data[0]','async')",
         "step22":"click_event('buttonText','SAVE','async')",
         "step23":"click_event('id', 'create_validate', 'async')",
         "step24":"click_event('id', 'create_submit', 'async')",
         "step25":"expected_output('toBeTruthy', 'element(by.id(\"errorsDiv\")).isDisplayed()','async')"
      },
      "clone_uninnipopevc":{
         "step1":"navigation_screen('createOrder')",
         "step2":"populate_form('create_popup_first_selector', 'create_popup_first_data[0]', 'async')",
         "step3":"click_event('css', '[ng-click=\"next()\"]','async')",
         "step4":"populate_form('create_popup_second_selector', 'create_popup_second_data[3]', 'async')",
         "step5":"click_event('css', '[ng-click=\"create()\"]','async')",
         "step6":"open_required_form('create_form_selector', 'create_form_data[3]', 'async')",
         "step7":"populate_create_form('create_form_selector', 'create_form_data[3]', 'async')",
         "step8":"click_event('buttonText','SAVE','async')",
         "step9":"click_event('id', 'create_validate', 'async')",
         "step10":"click_event('id', 'create_submit', 'async')",
         "step11":"expected_output('toBeTruthy', 'element(by.id(\"errorsDiv\")).isDisplayed()','')",
         "step12":"navigation_screen('searchOrder')",
         "step13":"click_event('id','asrSendOrder','async')",
         "step14":"populate_form('search_order_selector','search_by_pon_data[1]','async','supplement')",
         "step15":"click_event('css','button.btn.btn-primary','async')",
         "step16":"verifySearchResult('searchResultData in $data','PON','data-title-text','CHPON06637472992','async')",
         "step17":"click_event('linkText','View','async')",
         "step18":"select('1')",
         "step19":"click_event('css','[ng-click=\"getStatusDetail(orderSumData, orderSumFormData, $index, applyAction[$index], actionForm)\"]','async')",
         "step20":"click_event('buttonText','YES','async')",
         "step21":"populate_create_form('create_form_selector', 'clone_form_data[0]','async')",
         "step22":"click_event('buttonText','SAVE','async')",
         "step23":"click_event('id', 'create_validate', 'async')",
         "step24":"click_event('id', 'create_submit', 'async')",
         "step25":"expected_output('toBeTruthy', 'element(by.id(\"errorsDiv\")).isDisplayed()','async')"
      },
      "clone_evcStandalone":{
         "step1":"navigation_screen('createOrder')",
         "step2":"populate_form('create_popup_first_selector', 'create_popup_first_data[1]', 'async')",
         "step3":"click_event('css', '[ng-click=\"next()\"]','async')",
         "step4":"populate_form('create_popup_second_selector', 'create_popup_second_data[4]', 'async')",
         "step5":"click_event('css', '[ng-click=\"create()\"]','async')",
         "step6":"populate_create_form('create_form_selector', 'create_form_data[4]', 'async')",
         "step7":"click_event('buttonText','SAVE','async')",
         "step8":"click_event('id', 'create_validate', 'async')",
         "step9":"click_event('id', 'create_submit', 'async')",
         "step10":"navigation_screen('searchOrder')",
         "step11":"click_event('id','asrSendOrder','async')",
         "step12":"populate_form('search_order_selector','search_by_pon_data[1]','async','supplement')",
         "step13":"click_event('css','button.btn.btn-primary','async')",
         "step14":"verifySearchResult('searchResultData in $data','PON','data-title-text','CHPON06637472992','async')",
         "step15":"click_event('linkText','View','async')",
         "step16":"select('1')",
         "step17":"click_event('css','[ng-click=\"getStatusDetail(orderSumData, orderSumFormData, $index, applyAction[$index], actionForm)\"]','async')",
         "step18":"click_event('buttonText','YES','async')",
         "step19":"populate_create_form('create_form_selector', 'clone_form_data[0]','async')",
         "step20":"click_event('buttonText','SAVE','async')",
         "step21":"click_event('id', 'create_validate', 'async')",
         "step22":"click_event('id', 'create_submit', 'async')",
         "step23":"expected_output('toBeTruthy', 'element(by.id(\"errorsDiv\")).isDisplayed()','async')"
      },
      "clone_trunking":{
         "step1":"navigation_screen('createOrder')",
         "step2":"populate_form('create_popup_first_selector', 'create_popup_first_data[4]', 'async')",
         "step3":"click_event('css', '[ng-click=\"next()\"]','async')",
         "step4":"populate_form('create_popup_second_selector', 'create_popup_second_data[5]', 'async')",
         "step5":"click_event('css', '[ng-click=\"create()\"]','async')",
         "step6":"populate_create_form('create_form_selector', 'create_form_data[5]', 'async')",
         "step7":"click_event('id', 'create_validate', 'async')",
         "step8":"click_event('id', 'create_submit', 'async')",
         "step10":"navigation_screen('searchOrder')",
         "step11":"click_event('id','asrSendOrder','async')",
         "step12":"populate_form('search_order_selector','search_by_pon_data[0]','async','supplement')",
         "step13":"click_event('css','button.btn.btn-primary','async')",
         "step14":"verifySearchResult('searchResultData in $data','PON','data-title-text','CHPON06637472992','async')",
         "step15":"click_event('linkText','View','async')",
         "step16":"select('1')",
         "step17":"click_event('css','[ng-click=\"getStatusDetail(orderSumData, orderSumFormData, $index, applyAction[$index], actionForm)\"]','async')",
         "step18":"click_event('buttonText','YES','async')",
         "step19":"populate_create_form('create_form_selector', 'clone_form_data[0]','async')",
         "step20":"click_event('id', 'create_validate', 'async')",
         "step21":"click_event('id', 'create_submit', 'async')",
         "step22":"expected_output('toBeTruthy', 'element(by.id(\"errorsDiv\")).isDisplayed()','async')"
      },
      "clone_transport_s":{
         "step1":"navigation_screen('createOrder')",
         "step2":"populate_form('create_popup_first_selector', 'create_popup_first_data[3]', 'async')",
         "step3":"click_event('css', '[ng-click=\"next()\"]','async')",
         "step5":"click_event('css', '[ng-click=\"create()\"]','async')",
         "step6":"populate_create_form('create_form_selector', 'create_form_data[7]', 'async')",
         "step7":"click_event('id', 'create_validate', 'async')",
         "step8":"click_event('id', 'create_submit', 'async')",
         "step9":"expected_output('toBeTruthy', 'element(by.id(\"errorsDiv\")).isDisplayed()','')",
         "step10":"navigation_screen('searchOrder')",
         "step11":"click_event('id','asrSendOrder','async')",
         "step12":"populate_form('search_order_selector','search_by_pon_data[1]','async','supplement')",
         "step13":"click_event('css','button.btn.btn-primary','async')",
         "step14":"verifySearchResult('searchResultData in $data','PON','data-title-text','CHPON06637472992','async')",
         "step15":"click_event('linkText','View','async')",
         "step16":"select('1')",
         "step17":"click_event('css','[ng-click=\"getStatusDetail(orderSumData, orderSumFormData, $index, applyAction[$index], actionForm)\"]','async')",
         "step18":"click_event('buttonText','YES','async')",
         "step20":"populate_create_form('create_form_selector', 'clone_form_data[0]','async')",
         "step21":"click_event('id', 'create_validate', 'async')",
         "step22":"click_event('id', 'create_submit', 'async')",
         "step23":"expected_output('toBeTruthy', 'element(by.id(\"errorsDiv\")).isDisplayed()','async')"
      },
      "clone_ringService":{
         "step1":"navigation_screen('createOrder')",
         "step2":"populate_form('create_popup_first_selector', 'create_popup_first_data[6]', 'async')",
         "step3":"click_event('css', '[ng-click=\"next()\"]','async')",
         "step4":"click_event('css', '[ng-click=\"create()\"]','async')",
         "step5":"populate_create_form('create_form_selector', 'create_form_data[6]', 'async')",
         "step6":"click_event('buttonText','SAVE','async')",
         "step7":"click_event('id', 'create_validate', 'async')",
         "step8":"click_event('id', 'create_submit', 'async')",
         "step9":"navigation_screen('searchOrder')",
         "step10":"click_event('id','asrSendOrder','async')",
         "step11":"populate_form('search_order_selector','search_by_pon_data[1]','async','supplement')",
         "step12":"click_event('css','button.btn.btn-primary','async')",
         "step13":"verifySearchResult('searchResultData in $data','PON','data-title-text','CHPON06637472992','async')",
         "step14":"click_event('linkText','View','async')",
         "step15":"select('1')",
         "step16":"click_event('css','[ng-click=\"getStatusDetail(orderSumData, orderSumFormData, $index, applyAction[$index], actionForm)\"]','async')",
         "step17":"click_event('buttonText','YES','async')",
         "step18":"populate_create_form('create_form_selector', 'clone_form_data[0]','async')",
         "step19":"click_event('buttonText','SAVE','async')",
         "step20":"click_event('id', 'create_validate', 'async')",
         "step21":"click_event('id', 'create_submit', 'async')",
         "step22":"expected_output('toBeTruthy', 'element(by.id(\"errorsDiv\")).isDisplayed()','async')"
      },
      "clone_featureGroupA":{
         "step1":"navigation_screen('createOrder')",
         "step2":"populate_form('create_popup_first_selector', 'create_popup_first_data[7]', 'async')",
         "step3":"click_event('css', '[ng-click=\"next()\"]','async')",
         "step4":"click_event('css', '[ng-click=\"create()\"]','async')",
         "step5":"open_required_form('create_form_selector', 'create_form_data[0]', 'async')",
         "step6":"populate_create_form('create_form_selector', 'create_form_data[8]', 'async')",
         "step7":"click_event('buttonText','SAVE','async')",
         "step8":"click_event('id', 'create_validate', 'async')",
         "step9":"click_event('id', 'create_submit', 'async')",
         "step10":"navigation_screen('searchOrder')",
         "step11":"click_event('id','asrSendOrder','async')",
         "step12":"populate_form('search_order_selector','search_by_pon_data[1]','async','supplement')",
         "step13":"click_event('css','button.btn.btn-primary','async')",
         "step14":"verifySearchResult('searchResultData in $data','PON','data-title-text','CHPON06637472992','async')",
         "step15":"click_event('linkText','View','async')",
         "step16":"select('1')",
         "step17":"click_event('css','[ng-click=\"getStatusDetail(orderSumData, orderSumFormData, $index, applyAction[$index], actionForm)\"]','async')",
         "step18":"click_event('buttonText','YES','async')",
         "step19":"populate_create_form('create_form_selector', 'clone_form_data[0]','async')",
         "step20":"click_event('buttonText','SAVE','async')",
         "step21":"click_event('id', 'create_validate', 'async')",
         "step22":"click_event('id', 'create_submit', 'async')",
         "step23":"expected_output('toBeTruthy', 'element(by.id(\"errorsDiv\")).isDisplayed()','async')"
      },
      "clone_watsAccessLines":{
         "step1":"navigation_screen('createOrder')",
         "step2":"populate_form('create_popup_first_selector', 'create_popup_first_data[8]', 'async')",
         "step3":"click_event('css', '[ng-click=\"next()\"]','async')",
         "step5":"click_event('css', '[ng-click=\"create()\"]','async')",
         "step6":"open_required_form('create_form_selector', 'create_form_data[9]', 'async')",
         "step7":"populate_create_form('create_form_selector', 'create_form_data[9]', 'async')",
         "step8":"click_event('buttonText','SAVE','async')",
         "step9":"click_event('id', 'create_validate', 'async')",
         "step10":"click_event('id', 'create_submit', 'async')",
         "step11":"navigation_screen('searchOrder')",
         "step12":"click_event('id','asrSendOrder','async')",
         "step13":"populate_form('search_order_selector','search_by_pon_data[1]','async','supplement')",
         "step14":"click_event('css','button.btn.btn-primary','async')",
         "step15":"verifySearchResult('searchResultData in $data','PON','data-title-text','CHPON06637472992','async')",
         "step16":"click_event('linkText','View','async')",
         "step17":"select('1')",
         "step18":"click_event('css','[ng-click=\"getStatusDetail(orderSumData, orderSumFormData, $index, applyAction[$index], actionForm)\"]','async')",
         "step19":"click_event('buttonText','YES','async')",
         "step20":"populate_create_form('create_form_selector', 'clone_form_data[0]','async')",
         "step21":"click_event('buttonText','SAVE','async')",
         "step22":"click_event('id', 'create_validate', 'async')",
         "step23":"click_event('id', 'create_submit', 'async')",
         "step24":"expected_output('toBeTruthy', 'element(by.id(\"errorsDiv\")).isDisplayed()','async')"
      }
   },
   "response_flow":{
      "secondary_confirmation_response_for_unieu":{
         "step1":"navigation_screen('createOrder')",
         "step2":"populate_form('create_popup_first_selector', 'create_popup_first_data[0]', 'async')",
         "step3":"click_event('css', '[ng-click=\"next()\"]','async')",
         "step4":"populate_form('create_popup_second_selector', 'create_popup_second_data[0]', 'async')",
         "step5":"click_event('css', '[ng-click=\"create()\"]','async')",
         "step6":"open_required_form('create_form_selector', 'create_form_data[0]', 'async')",
         "step7":"populate_create_form('create_form_selector', 'create_form_data[0]', 'async')",
         "step8":"click_event('buttonText','SAVE','async')",
         "step9":"click_event('id', 'create_validate', 'async')",
         "step10":"click_event('id', 'create_submit', 'async')",
         "step11":"expected_output('toBeTruthy', 'element(by.id(\"errorsDiv\")).isDisplayed()','')",
         "step12":"navigation_screen('searchOrder')",
         "step13":"click_event('id','asrSendOrder','async')",
         "step14":"populate_form('search_order_selector','search_by_pon_data[1]','async')",
         "step15":"click_event('css','button.btn.btn-primary','async')",
         "step16":"click_event('linkText','View','async')",
         "step17":"select('4')",
         "step18":"click_event('css','[ng-click=\"getStatusDetail(orderSumData, orderSumFormData, $index, applyAction[$index], actionForm)\"]','async')",
         "step19":"click_event('buttonText','YES','async')",
         "step20":"populate_create_form('create_form_selector', 'response_form_data[0]','async')",
         "step21":"click_event('buttonText','SAVE','async')",
         "step22":"click_event('id', 'create_validate', 'async')",
         "step23":"click_event('id', 'create_submit', 'async')",
         "step24":"expected_output('toBeTruthy', 'element(by.id(\"errorsDiv\")).isDisplayed()','async')"
      },
      "clarification_response_for_unieu":{
         "step1":"navigation_screen('createOrder')",
         "step2":"populate_form('create_popup_first_selector', 'create_popup_first_data[0]', 'async')",
         "step3":"click_event('css', '[ng-click=\"next()\"]','async')",
         "step4":"populate_form('create_popup_second_selector', 'create_popup_second_data[0]', 'async')",
         "step5":"click_event('css', '[ng-click=\"create()\"]','async')",
         "step6":"open_required_form('create_form_selector', 'create_form_data[0]', 'async')",
         "step7":"populate_create_form('create_form_selector', 'create_form_data[0]', 'async')",
         "step8":"click_event('buttonText','SAVE','async')",
         "step9":"click_event('id', 'create_validate', 'async')",
         "step10":"click_event('id', 'create_submit', 'async')",
         "step11":"expected_output('toBeTruthy', 'element(by.id(\"errorsDiv\")).isDisplayed()','')",
         "step12":"navigation_screen('searchOrder')",
         "step13":"click_event('id','asrSendOrder','async')",
         "step14":"populate_form('search_order_selector','search_by_pon_data[1]','async')",
         "step15":"click_event('css','button.btn.btn-primary','async')",
         "step16":"click_event('linkText','View','async')",
         "step17":"select('5')",
         "step18":"click_event('css','[ng-click=\"getStatusDetail(orderSumData, orderSumFormData, $index, applyAction[$index], actionForm)\"]','async')",
         "step19":"click_event('buttonText','YES','async')",
         "step20":"populate_create_form('create_form_selector', 'response_form_data[1]','async')",
         "step21":"click_event('buttonText','SAVE','async')",
         "step22":"click_event('id', 'create_validate', 'async')",
         "step23":"click_event('id', 'create_submit', 'async')",
         "step24":"expected_output('toBeTruthy', 'element(by.id(\"errorsDiv\")).isDisplayed()','async')"
      },
      "dlr_response_for_unieu":{
         "step1":"navigation_screen('createOrder')",
         "step2":"populate_form('create_popup_first_selector', 'create_popup_first_data[0]', 'async')",
         "step3":"click_event('css', '[ng-click=\"next()\"]','async')",
         "step4":"populate_form('create_popup_second_selector', 'create_popup_second_data[0]', 'async')",
         "step5":"click_event('css', '[ng-click=\"create()\"]','async')",
         "step6":"open_required_form('create_form_selector', 'create_form_data[0]', 'async')",
         "step7":"populate_create_form('create_form_selector', 'create_form_data[0]', 'async')",
         "step8":"click_event('buttonText','SAVE','async')",
         "step9":"click_event('id', 'create_validate', 'async')",
         "step10":"click_event('id', 'create_submit', 'async')",
         "step11":"expected_output('toBeTruthy', 'element(by.id(\"errorsDiv\")).isDisplayed()','')",
         "step12":"navigation_screen('searchOrder')",
         "step13":"click_event('id','asrSendOrder','async')",
         "step14":"populate_form('search_order_selector','search_by_pon_data[1]','async')",
         "step15":"click_event('css','button.btn.btn-primary','async')",
         "step16":"click_event('linkText','View','async')",
         "step17":"select('6')",
         "step18":"click_event('css','[ng-click=\"getStatusDetail(orderSumData, orderSumFormData, $index, applyAction[$index], actionForm)\"]','async')",
         "step19":"click_event('buttonText','YES','async')",
         "step20":"populate_create_form('create_form_selector', 'response_form_data[2]','async')",
         "step21":"click_event('buttonText','SAVE','async')",
         "step22":"click_event('id', 'create_validate', 'async')",
         "step23":"click_event('id', 'create_submit', 'async')",
         "step24":"expected_output('toBeTruthy', 'element(by.id(\"errorsDiv\")).isDisplayed()','async')"
      }
   },
   "create_response_flow":{
      "create_dlr_response_for_unieu":{

         "step1":"navigation_screen('createOrder')",
         "step2":"selectRadioButton('stdFormData.REQUESTTYPE','model','2','async')",
         "step3":"selectRadioButton('stdFormData.ORDERTYPE','model','1','async')"
         
         
      }
      }, 
   "create_preorder_flow":{
      "create_preorder_address_validation_inquiry_by_address":{
         "step1":"navigation_screen('createOrder')",
         "step2":"selectTradingPartner('0')",
         "step3":"populate_form('create_popup_first_selector', 'create_popup_first_data[11]', 'async')",
         "step4":"click_event('css', '[ng-click=\"next()\"]','async')",
         "step5":"click_event('css', '[ng-click=\"create()\"]','async')",
         "step6":"populate_create_form('create_form_selector', 'preorder_form_data[0]', 'async')",
         "step7":"click_event('buttonText','SAVE','async')",
         "step8":"click_event('id', 'create_validate', 'async')",
         "step9":"click_event('id', 'create_submit', 'async')",
         "step10":"expected_output('toBeTruthy', 'element(by.id(\"errorsDiv\")).isDisplayed()','')"
      },
       "create_preorder_address_validation_inquiry_by_working_telephone_number":{
         "step1":"navigation_screen('createOrder')",
         "step2":"selectTradingPartner('0')",
         "step3":"populate_form('create_popup_first_selector', 'create_popup_first_data[11]', 'async')",
         "step4":"click_event('css', '[ng-click=\"next()\"]','async')",
         "step5":"selectRadioButton('AVREQUESTTYPE','name','1','async')",
         "step6":"click_event('css', '[ng-click=\"create()\"]','async')",
         "step7":"populate_create_form('create_form_selector', 'preorder_form_data[1]', 'async')",
         "step8":"click_event('buttonText','SAVE','async')",
         "step9":"click_event('id', 'create_validate', 'async')",
         "step10":"click_event('id', 'create_submit', 'async')",
         "step11":"expected_output('toBeTruthy', 'element(by.id(\"errorsDiv\")).isDisplayed()','')"
      },
       "create_preorder_address_validation_inquiry_by_circuit":{
         "step1":"navigation_screen('createOrder')",
         "step2":"selectTradingPartner('0')",
         "step3":"populate_form('create_popup_first_selector', 'create_popup_first_data[11]', 'async')",
         "step4":"click_event('css', '[ng-click=\"next()\"]','async')",
         "step5":"selectRadioButton('AVREQUESTTYPE','name','2','async')",
         "step6":"click_event('css', '[ng-click=\"create()\"]','async')",
         "step7":"populate_create_form('create_form_selector', 'preorder_form_data[2]', 'async')",
         "step8":"click_event('buttonText','SAVE','async')",
         "step9":"click_event('id', 'create_validate', 'async')",
         "step10":"click_event('id', 'create_submit', 'async')",
         "step11":"expected_output('toBeTruthy', 'element(by.id(\"errorsDiv\")).isDisplayed()','')"
      },
       "create_preorder_service_availability_inquiry":{
         "step1":"navigation_screen('createOrder')",
         "step2":"populate_form('create_popup_first_selector', 'create_popup_first_data[15]', 'async')",
         "step3":"click_event('css', '[ng-click=\"create()\"]','async')",
         "step6":"populate_create_form('create_form_selector', 'preorder_form_data[3]', 'async')",
         "step7":"click_event('buttonText','SAVE','async')",
         "step8":"click_event('id', 'create_validate', 'async')",
         "step9":"click_event('id', 'create_submit', 'async')",
         "step10":"expected_output('toBeTruthy', 'element(by.id(\"errorsDiv\")).isDisplayed()','')"
      },
       "create_preorder_CFA_validation_inquiry":{
         "step1":"navigation_screen('createOrder')",
         "step2":"populate_form('create_popup_first_selector', 'create_popup_first_data[16]', 'async')",
         "step3":"click_event('css', '[ng-click=\"create()\"]','async')",
         "step6":"populate_create_form('create_form_selector', 'preorder_form_data[4]', 'async')",
         "step7":"click_event('buttonText','SAVE','async')",
         "step8":"click_event('id', 'create_validate', 'async')",
         "step9":"click_event('id', 'create_submit', 'async')",
         "step10":"expected_output('toBeTruthy', 'element(by.id(\"errorsDiv\")).isDisplayed()','')"
      }
   }
}